CREATE TABLE [MEDICATIONS](
    [MEDID] INT PRIMARY KEY NOT NULL UNIQUE, 
    [GNAME] TEXT(50) NOT NULL UNIQUE, 
    [BNAME] TEXT(50) NOT NULL, 
    [ACTION] TEXT(50) NOT NULL, 
    [DEA] INT, 
    [BTFLAG] INT, 
    [SIDE_EFFECTS] TEXT(512), 
    [INTERACTIONS] TEXT(512), 
    [WARNINGS] TEXT(512));


INSERT INTO MEDICATIONS (MEDID, GNAME, BNAME, ACTION, DEA, BTFLAG, SIDE_EFFECTS, INTERACTIONS, WARNINGS) VALUES (1,'Acyclovir','Zovirax','Antiviral',null,null,'Lorem ipsum dolor sit amet, consectetur adipiscing elit, sed do eiusmod tempor incididunt ut labore et dolore magna aliqua.','Lorem ipsum dolor sit amet, consectetur adipiscing elit, sed do eiusmod tempor incididunt ut labore et dolore magna aliqua.','Lorem ipsum dolor sit amet, consectetur adipiscing elit, sed do eiusmod tempor incididunt ut labore et dolore magna aliqua.');
INSERT INTO MEDICATIONS (MEDID, GNAME, BNAME, ACTION, DEA, BTFLAG, SIDE_EFFECTS, INTERACTIONS, WARNINGS) VALUES (2,'Adalimumab','Humira','Immunosuppressive',null,null,'Lorem ipsum dolor sit amet, consectetur adipiscing elit, sed do eiusmod tempor incididunt ut labore et dolore magna aliqua.','Lorem ipsum dolor sit amet, consectetur adipiscing elit, sed do eiusmod tempor incididunt ut labore et dolore magna aliqua.','Lorem ipsum dolor sit amet, consectetur adipiscing elit, sed do eiusmod tempor incididunt ut labore et dolore magna aliqua.');
INSERT INTO MEDICATIONS (MEDID, GNAME, BNAME, ACTION, DEA, BTFLAG, SIDE_EFFECTS, INTERACTIONS, WARNINGS) VALUES (3,'Albuterol','ProAir HFA','Bronchodilator',null,null,'Lorem ipsum dolor sit amet, consectetur adipiscing elit, sed do eiusmod tempor incididunt ut labore et dolore magna aliqua.','Lorem ipsum dolor sit amet, consectetur adipiscing elit, sed do eiusmod tempor incididunt ut labore et dolore magna aliqua.','Lorem ipsum dolor sit amet, consectetur adipiscing elit, sed do eiusmod tempor incididunt ut labore et dolore magna aliqua.');
INSERT INTO MEDICATIONS (MEDID, GNAME, BNAME, ACTION, DEA, BTFLAG, SIDE_EFFECTS, INTERACTIONS, WARNINGS) VALUES (4,'Alendronate','Fosamax','Slows bone loss',null,null,'Lorem ipsum dolor sit amet, consectetur adipiscing elit, sed do eiusmod tempor incididunt ut labore et dolore magna aliqua.','Lorem ipsum dolor sit amet, consectetur adipiscing elit, sed do eiusmod tempor incididunt ut labore et dolore magna aliqua.','Lorem ipsum dolor sit amet, consectetur adipiscing elit, sed do eiusmod tempor incididunt ut labore et dolore magna aliqua.');
INSERT INTO MEDICATIONS (MEDID, GNAME, BNAME, ACTION, DEA, BTFLAG, SIDE_EFFECTS, INTERACTIONS, WARNINGS) VALUES (5,'Allopurinol','Zyloprim','Uric acid reducer',null,null,'Lorem ipsum dolor sit amet, consectetur adipiscing elit, sed do eiusmod tempor incididunt ut labore et dolore magna aliqua.','Lorem ipsum dolor sit amet, consectetur adipiscing elit, sed do eiusmod tempor incididunt ut labore et dolore magna aliqua.','Lorem ipsum dolor sit amet, consectetur adipiscing elit, sed do eiusmod tempor incididunt ut labore et dolore magna aliqua.');
INSERT INTO MEDICATIONS (MEDID, GNAME, BNAME, ACTION, DEA, BTFLAG, SIDE_EFFECTS, INTERACTIONS, WARNINGS) VALUES (6,'Alprazolam','Xanax','Sedative',4,null,'Lorem ipsum dolor sit amet, consectetur adipiscing elit, sed do eiusmod tempor incididunt ut labore et dolore magna aliqua.','Lorem ipsum dolor sit amet, consectetur adipiscing elit, sed do eiusmod tempor incididunt ut labore et dolore magna aliqua.','Lorem ipsum dolor sit amet, consectetur adipiscing elit, sed do eiusmod tempor incididunt ut labore et dolore magna aliqua.');
INSERT INTO MEDICATIONS (MEDID, GNAME, BNAME, ACTION, DEA, BTFLAG, SIDE_EFFECTS, INTERACTIONS, WARNINGS) VALUES (7,'Amitriptyline','Elavil','Antidepressant',null,null,'Lorem ipsum dolor sit amet, consectetur adipiscing elit, sed do eiusmod tempor incididunt ut labore et dolore magna aliqua.','Lorem ipsum dolor sit amet, consectetur adipiscing elit, sed do eiusmod tempor incididunt ut labore et dolore magna aliqua.','Lorem ipsum dolor sit amet, consectetur adipiscing elit, sed do eiusmod tempor incididunt ut labore et dolore magna aliqua.');
INSERT INTO MEDICATIONS (MEDID, GNAME, BNAME, ACTION, DEA, BTFLAG, SIDE_EFFECTS, INTERACTIONS, WARNINGS) VALUES (8,'Amlodipine','Norvasc','Calcium Channel Blocker',null,null,'Lorem ipsum dolor sit amet, consectetur adipiscing elit, sed do eiusmod tempor incididunt ut labore et dolore magna aliqua.','Lorem ipsum dolor sit amet, consectetur adipiscing elit, sed do eiusmod tempor incididunt ut labore et dolore magna aliqua.','Lorem ipsum dolor sit amet, consectetur adipiscing elit, sed do eiusmod tempor incididunt ut labore et dolore magna aliqua.');
INSERT INTO MEDICATIONS (MEDID, GNAME, BNAME, ACTION, DEA, BTFLAG, SIDE_EFFECTS, INTERACTIONS, WARNINGS) VALUES (9,'Amoxicillin','Amoxil','Antibiotic',null,null,'Lorem ipsum dolor sit amet, consectetur adipiscing elit, sed do eiusmod tempor incididunt ut labore et dolore magna aliqua.','Lorem ipsum dolor sit amet, consectetur adipiscing elit, sed do eiusmod tempor incididunt ut labore et dolore magna aliqua.','Lorem ipsum dolor sit amet, consectetur adipiscing elit, sed do eiusmod tempor incididunt ut labore et dolore magna aliqua.');
INSERT INTO MEDICATIONS (MEDID, GNAME, BNAME, ACTION, DEA, BTFLAG, SIDE_EFFECTS, INTERACTIONS, WARNINGS) VALUES (10,'Amoxicillin+Clavulanate','Augmentin','Antibiotic',null,null,'Lorem ipsum dolor sit amet, consectetur adipiscing elit, sed do eiusmod tempor incididunt ut labore et dolore magna aliqua.','Lorem ipsum dolor sit amet, consectetur adipiscing elit, sed do eiusmod tempor incididunt ut labore et dolore magna aliqua.','Lorem ipsum dolor sit amet, consectetur adipiscing elit, sed do eiusmod tempor incididunt ut labore et dolore magna aliqua.');
INSERT INTO MEDICATIONS (MEDID, GNAME, BNAME, ACTION, DEA, BTFLAG, SIDE_EFFECTS, INTERACTIONS, WARNINGS) VALUES (11,'Amphetamine','Adderall','Stimulant',2,null,'Lorem ipsum dolor sit amet, consectetur adipiscing elit, sed do eiusmod tempor incididunt ut labore et dolore magna aliqua.','Lorem ipsum dolor sit amet, consectetur adipiscing elit, sed do eiusmod tempor incididunt ut labore et dolore magna aliqua.','Lorem ipsum dolor sit amet, consectetur adipiscing elit, sed do eiusmod tempor incididunt ut labore et dolore magna aliqua.');
INSERT INTO MEDICATIONS (MEDID, GNAME, BNAME, ACTION, DEA, BTFLAG, SIDE_EFFECTS, INTERACTIONS, WARNINGS) VALUES (12,'Aripiprazole','Abilify','Antipsychotic',null,null,'Lorem ipsum dolor sit amet, consectetur adipiscing elit, sed do eiusmod tempor incididunt ut labore et dolore magna aliqua.','Lorem ipsum dolor sit amet, consectetur adipiscing elit, sed do eiusmod tempor incididunt ut labore et dolore magna aliqua.','Lorem ipsum dolor sit amet, consectetur adipiscing elit, sed do eiusmod tempor incididunt ut labore et dolore magna aliqua.');
INSERT INTO MEDICATIONS (MEDID, GNAME, BNAME, ACTION, DEA, BTFLAG, SIDE_EFFECTS, INTERACTIONS, WARNINGS) VALUES (13,'Atenolol','Tenormin','Beta Blocker',null,null,'Lorem ipsum dolor sit amet, consectetur adipiscing elit, sed do eiusmod tempor incididunt ut labore et dolore magna aliqua.','Lorem ipsum dolor sit amet, consectetur adipiscing elit, sed do eiusmod tempor incididunt ut labore et dolore magna aliqua.','Lorem ipsum dolor sit amet, consectetur adipiscing elit, sed do eiusmod tempor incididunt ut labore et dolore magna aliqua.');
INSERT INTO MEDICATIONS (MEDID, GNAME, BNAME, ACTION, DEA, BTFLAG, SIDE_EFFECTS, INTERACTIONS, WARNINGS) VALUES (14,'Atomoxetine','Strattera','Cognition Enhancer',null,null,'Lorem ipsum dolor sit amet, consectetur adipiscing elit, sed do eiusmod tempor incididunt ut labore et dolore magna aliqua.','Lorem ipsum dolor sit amet, consectetur adipiscing elit, sed do eiusmod tempor incididunt ut labore et dolore magna aliqua.','Lorem ipsum dolor sit amet, consectetur adipiscing elit, sed do eiusmod tempor incididunt ut labore et dolore magna aliqua.');
INSERT INTO MEDICATIONS (MEDID, GNAME, BNAME, ACTION, DEA, BTFLAG, SIDE_EFFECTS, INTERACTIONS, WARNINGS) VALUES (15,'Atorvastatin','Lipitor','Statin',null,null,'Lorem ipsum dolor sit amet, consectetur adipiscing elit, sed do eiusmod tempor incididunt ut labore et dolore magna aliqua.','Lorem ipsum dolor sit amet, consectetur adipiscing elit, sed do eiusmod tempor incididunt ut labore et dolore magna aliqua.','Lorem ipsum dolor sit amet, consectetur adipiscing elit, sed do eiusmod tempor incididunt ut labore et dolore magna aliqua.');
INSERT INTO MEDICATIONS (MEDID, GNAME, BNAME, ACTION, DEA, BTFLAG, SIDE_EFFECTS, INTERACTIONS, WARNINGS) VALUES (16,'Azithromycin','Zithromax','Antibiotic',null,null,'Lorem ipsum dolor sit amet, consectetur adipiscing elit, sed do eiusmod tempor incididunt ut labore et dolore magna aliqua.','Lorem ipsum dolor sit amet, consectetur adipiscing elit, sed do eiusmod tempor incididunt ut labore et dolore magna aliqua.','Lorem ipsum dolor sit amet, consectetur adipiscing elit, sed do eiusmod tempor incididunt ut labore et dolore magna aliqua.');
INSERT INTO MEDICATIONS (MEDID, GNAME, BNAME, ACTION, DEA, BTFLAG, SIDE_EFFECTS, INTERACTIONS, WARNINGS) VALUES (17,'Baclofen','Gablofen','Muscle Relaxer',null,null,'Lorem ipsum dolor sit amet, consectetur adipiscing elit, sed do eiusmod tempor incididunt ut labore et dolore magna aliqua.','Lorem ipsum dolor sit amet, consectetur adipiscing elit, sed do eiusmod tempor incididunt ut labore et dolore magna aliqua.','Lorem ipsum dolor sit amet, consectetur adipiscing elit, sed do eiusmod tempor incididunt ut labore et dolore magna aliqua.');
INSERT INTO MEDICATIONS (MEDID, GNAME, BNAME, ACTION, DEA, BTFLAG, SIDE_EFFECTS, INTERACTIONS, WARNINGS) VALUES (18,'Benazepril','Lotensin','ACE Inhibitor',null,null,'Lorem ipsum dolor sit amet, consectetur adipiscing elit, sed do eiusmod tempor incididunt ut labore et dolore magna aliqua.','Lorem ipsum dolor sit amet, consectetur adipiscing elit, sed do eiusmod tempor incididunt ut labore et dolore magna aliqua.','Lorem ipsum dolor sit amet, consectetur adipiscing elit, sed do eiusmod tempor incididunt ut labore et dolore magna aliqua.');
INSERT INTO MEDICATIONS (MEDID, GNAME, BNAME, ACTION, DEA, BTFLAG, SIDE_EFFECTS, INTERACTIONS, WARNINGS) VALUES (19,'Benzonatate','Tessalon','Antitussive',null,null,'Lorem ipsum dolor sit amet, consectetur adipiscing elit, sed do eiusmod tempor incididunt ut labore et dolore magna aliqua.','Lorem ipsum dolor sit amet, consectetur adipiscing elit, sed do eiusmod tempor incididunt ut labore et dolore magna aliqua.','Lorem ipsum dolor sit amet, consectetur adipiscing elit, sed do eiusmod tempor incididunt ut labore et dolore magna aliqua.');
INSERT INTO MEDICATIONS (MEDID, GNAME, BNAME, ACTION, DEA, BTFLAG, SIDE_EFFECTS, INTERACTIONS, WARNINGS) VALUES (20,'Benztropine','Cogentin','Anti-Tremor',null,null,'Lorem ipsum dolor sit amet, consectetur adipiscing elit, sed do eiusmod tempor incididunt ut labore et dolore magna aliqua.','Lorem ipsum dolor sit amet, consectetur adipiscing elit, sed do eiusmod tempor incididunt ut labore et dolore magna aliqua.','Lorem ipsum dolor sit amet, consectetur adipiscing elit, sed do eiusmod tempor incididunt ut labore et dolore magna aliqua.');
INSERT INTO MEDICATIONS (MEDID, GNAME, BNAME, ACTION, DEA, BTFLAG, SIDE_EFFECTS, INTERACTIONS, WARNINGS) VALUES (21,'Budesonide','Uceris','Steroid',null,null,'Lorem ipsum dolor sit amet, consectetur adipiscing elit, sed do eiusmod tempor incididunt ut labore et dolore magna aliqua.','Lorem ipsum dolor sit amet, consectetur adipiscing elit, sed do eiusmod tempor incididunt ut labore et dolore magna aliqua.','Lorem ipsum dolor sit amet, consectetur adipiscing elit, sed do eiusmod tempor incididunt ut labore et dolore magna aliqua.');
INSERT INTO MEDICATIONS (MEDID, GNAME, BNAME, ACTION, DEA, BTFLAG, SIDE_EFFECTS, INTERACTIONS, WARNINGS) VALUES (22,'Budesonide+Formoterol','Symbicort','Bronchodilator',null,null,'Lorem ipsum dolor sit amet, consectetur adipiscing elit, sed do eiusmod tempor incididunt ut labore et dolore magna aliqua.','Lorem ipsum dolor sit amet, consectetur adipiscing elit, sed do eiusmod tempor incididunt ut labore et dolore magna aliqua.','Lorem ipsum dolor sit amet, consectetur adipiscing elit, sed do eiusmod tempor incididunt ut labore et dolore magna aliqua.');
INSERT INTO MEDICATIONS (MEDID, GNAME, BNAME, ACTION, DEA, BTFLAG, SIDE_EFFECTS, INTERACTIONS, WARNINGS) VALUES (23,'Buprenorphine+Naloxone','Suboxone','Narcotic',3,null,'Lorem ipsum dolor sit amet, consectetur adipiscing elit, sed do eiusmod tempor incididunt ut labore et dolore magna aliqua.','Lorem ipsum dolor sit amet, consectetur adipiscing elit, sed do eiusmod tempor incididunt ut labore et dolore magna aliqua.','Lorem ipsum dolor sit amet, consectetur adipiscing elit, sed do eiusmod tempor incididunt ut labore et dolore magna aliqua.');
INSERT INTO MEDICATIONS (MEDID, GNAME, BNAME, ACTION, DEA, BTFLAG, SIDE_EFFECTS, INTERACTIONS, WARNINGS) VALUES (24,'Bupropion','Wellbutrin','Antidepressant',null,null,'Lorem ipsum dolor sit amet, consectetur adipiscing elit, sed do eiusmod tempor incididunt ut labore et dolore magna aliqua.','Lorem ipsum dolor sit amet, consectetur adipiscing elit, sed do eiusmod tempor incididunt ut labore et dolore magna aliqua.','Lorem ipsum dolor sit amet, consectetur adipiscing elit, sed do eiusmod tempor incididunt ut labore et dolore magna aliqua.');
INSERT INTO MEDICATIONS (MEDID, GNAME, BNAME, ACTION, DEA, BTFLAG, SIDE_EFFECTS, INTERACTIONS, WARNINGS) VALUES (25,'Buspirone','Buspar','Sedative',null,null,'Lorem ipsum dolor sit amet, consectetur adipiscing elit, sed do eiusmod tempor incididunt ut labore et dolore magna aliqua.','Lorem ipsum dolor sit amet, consectetur adipiscing elit, sed do eiusmod tempor incididunt ut labore et dolore magna aliqua.','Lorem ipsum dolor sit amet, consectetur adipiscing elit, sed do eiusmod tempor incididunt ut labore et dolore magna aliqua.');
INSERT INTO MEDICATIONS (MEDID, GNAME, BNAME, ACTION, DEA, BTFLAG, SIDE_EFFECTS, INTERACTIONS, WARNINGS) VALUES (26,'Carisoprodol','Soma','Muscle Relaxer',4,null,'Lorem ipsum dolor sit amet, consectetur adipiscing elit, sed do eiusmod tempor incididunt ut labore et dolore magna aliqua.','Lorem ipsum dolor sit amet, consectetur adipiscing elit, sed do eiusmod tempor incididunt ut labore et dolore magna aliqua.','Lorem ipsum dolor sit amet, consectetur adipiscing elit, sed do eiusmod tempor incididunt ut labore et dolore magna aliqua.');
INSERT INTO MEDICATIONS (MEDID, GNAME, BNAME, ACTION, DEA, BTFLAG, SIDE_EFFECTS, INTERACTIONS, WARNINGS) VALUES (27,'Carvedilol','Coreg','Beta Blocker',null,null,'Lorem ipsum dolor sit amet, consectetur adipiscing elit, sed do eiusmod tempor incididunt ut labore et dolore magna aliqua.','Lorem ipsum dolor sit amet, consectetur adipiscing elit, sed do eiusmod tempor incididunt ut labore et dolore magna aliqua.','Lorem ipsum dolor sit amet, consectetur adipiscing elit, sed do eiusmod tempor incididunt ut labore et dolore magna aliqua.');
INSERT INTO MEDICATIONS (MEDID, GNAME, BNAME, ACTION, DEA, BTFLAG, SIDE_EFFECTS, INTERACTIONS, WARNINGS) VALUES (28,'Cefdinir','Omnicef','Antibiotic',null,null,'Lorem ipsum dolor sit amet, consectetur adipiscing elit, sed do eiusmod tempor incididunt ut labore et dolore magna aliqua.','Lorem ipsum dolor sit amet, consectetur adipiscing elit, sed do eiusmod tempor incididunt ut labore et dolore magna aliqua.','Lorem ipsum dolor sit amet, consectetur adipiscing elit, sed do eiusmod tempor incididunt ut labore et dolore magna aliqua.');
INSERT INTO MEDICATIONS (MEDID, GNAME, BNAME, ACTION, DEA, BTFLAG, SIDE_EFFECTS, INTERACTIONS, WARNINGS) VALUES (29,'Cefuroxime','Ceftin','Antibiotic',null,null,'Lorem ipsum dolor sit amet, consectetur adipiscing elit, sed do eiusmod tempor incididunt ut labore et dolore magna aliqua.','Lorem ipsum dolor sit amet, consectetur adipiscing elit, sed do eiusmod tempor incididunt ut labore et dolore magna aliqua.','Lorem ipsum dolor sit amet, consectetur adipiscing elit, sed do eiusmod tempor incididunt ut labore et dolore magna aliqua.');
INSERT INTO MEDICATIONS (MEDID, GNAME, BNAME, ACTION, DEA, BTFLAG, SIDE_EFFECTS, INTERACTIONS, WARNINGS) VALUES (30,'Celecoxib','Celebrex','NSAID',null,null,'Lorem ipsum dolor sit amet, consectetur adipiscing elit, sed do eiusmod tempor incididunt ut labore et dolore magna aliqua.','Lorem ipsum dolor sit amet, consectetur adipiscing elit, sed do eiusmod tempor incididunt ut labore et dolore magna aliqua.','Lorem ipsum dolor sit amet, consectetur adipiscing elit, sed do eiusmod tempor incididunt ut labore et dolore magna aliqua.');
INSERT INTO MEDICATIONS (MEDID, GNAME, BNAME, ACTION, DEA, BTFLAG, SIDE_EFFECTS, INTERACTIONS, WARNINGS) VALUES (31,'Cephalexin','Keflex','Antibiotic',null,null,'Lorem ipsum dolor sit amet, consectetur adipiscing elit, sed do eiusmod tempor incididunt ut labore et dolore magna aliqua.','Lorem ipsum dolor sit amet, consectetur adipiscing elit, sed do eiusmod tempor incididunt ut labore et dolore magna aliqua.','Lorem ipsum dolor sit amet, consectetur adipiscing elit, sed do eiusmod tempor incididunt ut labore et dolore magna aliqua.');
INSERT INTO MEDICATIONS (MEDID, GNAME, BNAME, ACTION, DEA, BTFLAG, SIDE_EFFECTS, INTERACTIONS, WARNINGS) VALUES (32,'Cetirizine','Zyrtec','Antihistamine',null,null,'Lorem ipsum dolor sit amet, consectetur adipiscing elit, sed do eiusmod tempor incididunt ut labore et dolore magna aliqua.','Lorem ipsum dolor sit amet, consectetur adipiscing elit, sed do eiusmod tempor incididunt ut labore et dolore magna aliqua.','Lorem ipsum dolor sit amet, consectetur adipiscing elit, sed do eiusmod tempor incididunt ut labore et dolore magna aliqua.');
INSERT INTO MEDICATIONS (MEDID, GNAME, BNAME, ACTION, DEA, BTFLAG, SIDE_EFFECTS, INTERACTIONS, WARNINGS) VALUES (33,'Ciprofloxacin','Cipro','Antibiotic',null,null,'Lorem ipsum dolor sit amet, consectetur adipiscing elit, sed do eiusmod tempor incididunt ut labore et dolore magna aliqua.','Lorem ipsum dolor sit amet, consectetur adipiscing elit, sed do eiusmod tempor incididunt ut labore et dolore magna aliqua.','Lorem ipsum dolor sit amet, consectetur adipiscing elit, sed do eiusmod tempor incididunt ut labore et dolore magna aliqua.');
INSERT INTO MEDICATIONS (MEDID, GNAME, BNAME, ACTION, DEA, BTFLAG, SIDE_EFFECTS, INTERACTIONS, WARNINGS) VALUES (34,'Citalopram','Celexa','Antidepressant',null,null,'Lorem ipsum dolor sit amet, consectetur adipiscing elit, sed do eiusmod tempor incididunt ut labore et dolore magna aliqua.','Lorem ipsum dolor sit amet, consectetur adipiscing elit, sed do eiusmod tempor incididunt ut labore et dolore magna aliqua.','Lorem ipsum dolor sit amet, consectetur adipiscing elit, sed do eiusmod tempor incididunt ut labore et dolore magna aliqua.');
INSERT INTO MEDICATIONS (MEDID, GNAME, BNAME, ACTION, DEA, BTFLAG, SIDE_EFFECTS, INTERACTIONS, WARNINGS) VALUES (35,'Clarithromycin','Biaxin','Antibiotic',null,null,'Lorem ipsum dolor sit amet, consectetur adipiscing elit, sed do eiusmod tempor incididunt ut labore et dolore magna aliqua.','Lorem ipsum dolor sit amet, consectetur adipiscing elit, sed do eiusmod tempor incididunt ut labore et dolore magna aliqua.','Lorem ipsum dolor sit amet, consectetur adipiscing elit, sed do eiusmod tempor incididunt ut labore et dolore magna aliqua.');
INSERT INTO MEDICATIONS (MEDID, GNAME, BNAME, ACTION, DEA, BTFLAG, SIDE_EFFECTS, INTERACTIONS, WARNINGS) VALUES (36,'Clindamycin','Cleocin','Antibiotic',null,null,'Lorem ipsum dolor sit amet, consectetur adipiscing elit, sed do eiusmod tempor incididunt ut labore et dolore magna aliqua.','Lorem ipsum dolor sit amet, consectetur adipiscing elit, sed do eiusmod tempor incididunt ut labore et dolore magna aliqua.','Lorem ipsum dolor sit amet, consectetur adipiscing elit, sed do eiusmod tempor incididunt ut labore et dolore magna aliqua.');
INSERT INTO MEDICATIONS (MEDID, GNAME, BNAME, ACTION, DEA, BTFLAG, SIDE_EFFECTS, INTERACTIONS, WARNINGS) VALUES (37,'Clobetasol','Clovate','Corticosteroid',null,null,'Lorem ipsum dolor sit amet, consectetur adipiscing elit, sed do eiusmod tempor incididunt ut labore et dolore magna aliqua.','Lorem ipsum dolor sit amet, consectetur adipiscing elit, sed do eiusmod tempor incididunt ut labore et dolore magna aliqua.','Lorem ipsum dolor sit amet, consectetur adipiscing elit, sed do eiusmod tempor incididunt ut labore et dolore magna aliqua.');
INSERT INTO MEDICATIONS (MEDID, GNAME, BNAME, ACTION, DEA, BTFLAG, SIDE_EFFECTS, INTERACTIONS, WARNINGS) VALUES (38,'Clonazepam','Klonopin','Sedative',4,null,'Lorem ipsum dolor sit amet, consectetur adipiscing elit, sed do eiusmod tempor incididunt ut labore et dolore magna aliqua.','Lorem ipsum dolor sit amet, consectetur adipiscing elit, sed do eiusmod tempor incididunt ut labore et dolore magna aliqua.','Lorem ipsum dolor sit amet, consectetur adipiscing elit, sed do eiusmod tempor incididunt ut labore et dolore magna aliqua.');
INSERT INTO MEDICATIONS (MEDID, GNAME, BNAME, ACTION, DEA, BTFLAG, SIDE_EFFECTS, INTERACTIONS, WARNINGS) VALUES (39,'Clonidine','Catapres','Alpha Agonist',null,null,'Lorem ipsum dolor sit amet, consectetur adipiscing elit, sed do eiusmod tempor incididunt ut labore et dolore magna aliqua.','Lorem ipsum dolor sit amet, consectetur adipiscing elit, sed do eiusmod tempor incididunt ut labore et dolore magna aliqua.','Lorem ipsum dolor sit amet, consectetur adipiscing elit, sed do eiusmod tempor incididunt ut labore et dolore magna aliqua.');
INSERT INTO MEDICATIONS (MEDID, GNAME, BNAME, ACTION, DEA, BTFLAG, SIDE_EFFECTS, INTERACTIONS, WARNINGS) VALUES (40,'Clopidogrel','Plavix','Anti-Platelet',null,1,'Lorem ipsum dolor sit amet, consectetur adipiscing elit, sed do eiusmod tempor incididunt ut labore et dolore magna aliqua.','Lorem ipsum dolor sit amet, consectetur adipiscing elit, sed do eiusmod tempor incididunt ut labore et dolore magna aliqua.','Lorem ipsum dolor sit amet, consectetur adipiscing elit, sed do eiusmod tempor incididunt ut labore et dolore magna aliqua.');
INSERT INTO MEDICATIONS (MEDID, GNAME, BNAME, ACTION, DEA, BTFLAG, SIDE_EFFECTS, INTERACTIONS, WARNINGS) VALUES (41,'Codeine+APAP','Tylenol #2','Narcotic',3,null,'Lorem ipsum dolor sit amet, consectetur adipiscing elit, sed do eiusmod tempor incididunt ut labore et dolore magna aliqua.','Lorem ipsum dolor sit amet, consectetur adipiscing elit, sed do eiusmod tempor incididunt ut labore et dolore magna aliqua.','Lorem ipsum dolor sit amet, consectetur adipiscing elit, sed do eiusmod tempor incididunt ut labore et dolore magna aliqua.');
INSERT INTO MEDICATIONS (MEDID, GNAME, BNAME, ACTION, DEA, BTFLAG, SIDE_EFFECTS, INTERACTIONS, WARNINGS) VALUES (42,'Cyclobenzaprine','Flexeril','Muscle Relaxer',null,null,'Lorem ipsum dolor sit amet, consectetur adipiscing elit, sed do eiusmod tempor incididunt ut labore et dolore magna aliqua.','Lorem ipsum dolor sit amet, consectetur adipiscing elit, sed do eiusmod tempor incididunt ut labore et dolore magna aliqua.','Lorem ipsum dolor sit amet, consectetur adipiscing elit, sed do eiusmod tempor incididunt ut labore et dolore magna aliqua.');
INSERT INTO MEDICATIONS (MEDID, GNAME, BNAME, ACTION, DEA, BTFLAG, SIDE_EFFECTS, INTERACTIONS, WARNINGS) VALUES (43,'Dabigatran','Pradaxa','Anticoagulant',null,1,'Lorem ipsum dolor sit amet, consectetur adipiscing elit, sed do eiusmod tempor incididunt ut labore et dolore magna aliqua.','Lorem ipsum dolor sit amet, consectetur adipiscing elit, sed do eiusmod tempor incididunt ut labore et dolore magna aliqua.','Lorem ipsum dolor sit amet, consectetur adipiscing elit, sed do eiusmod tempor incididunt ut labore et dolore magna aliqua.');
INSERT INTO MEDICATIONS (MEDID, GNAME, BNAME, ACTION, DEA, BTFLAG, SIDE_EFFECTS, INTERACTIONS, WARNINGS) VALUES (44,'Desvenlafaxine','Pristiq','Antidepressant',null,null,'Lorem ipsum dolor sit amet, consectetur adipiscing elit, sed do eiusmod tempor incididunt ut labore et dolore magna aliqua.','Lorem ipsum dolor sit amet, consectetur adipiscing elit, sed do eiusmod tempor incididunt ut labore et dolore magna aliqua.','Lorem ipsum dolor sit amet, consectetur adipiscing elit, sed do eiusmod tempor incididunt ut labore et dolore magna aliqua.');
INSERT INTO MEDICATIONS (MEDID, GNAME, BNAME, ACTION, DEA, BTFLAG, SIDE_EFFECTS, INTERACTIONS, WARNINGS) VALUES (45,'Dexlansoprazole','Dexilant','Proton Pump Inhibitor',null,null,'Lorem ipsum dolor sit amet, consectetur adipiscing elit, sed do eiusmod tempor incididunt ut labore et dolore magna aliqua.','Lorem ipsum dolor sit amet, consectetur adipiscing elit, sed do eiusmod tempor incididunt ut labore et dolore magna aliqua.','Lorem ipsum dolor sit amet, consectetur adipiscing elit, sed do eiusmod tempor incididunt ut labore et dolore magna aliqua.');
INSERT INTO MEDICATIONS (MEDID, GNAME, BNAME, ACTION, DEA, BTFLAG, SIDE_EFFECTS, INTERACTIONS, WARNINGS) VALUES (46,'Dexmethylphenidate','Focalin','Stimulant',2,null,'Lorem ipsum dolor sit amet, consectetur adipiscing elit, sed do eiusmod tempor incididunt ut labore et dolore magna aliqua.','Lorem ipsum dolor sit amet, consectetur adipiscing elit, sed do eiusmod tempor incididunt ut labore et dolore magna aliqua.','Lorem ipsum dolor sit amet, consectetur adipiscing elit, sed do eiusmod tempor incididunt ut labore et dolore magna aliqua.');
INSERT INTO MEDICATIONS (MEDID, GNAME, BNAME, ACTION, DEA, BTFLAG, SIDE_EFFECTS, INTERACTIONS, WARNINGS) VALUES (47,'Diazepam','Valium','Sedative',4,null,'Lorem ipsum dolor sit amet, consectetur adipiscing elit, sed do eiusmod tempor incididunt ut labore et dolore magna aliqua.','Lorem ipsum dolor sit amet, consectetur adipiscing elit, sed do eiusmod tempor incididunt ut labore et dolore magna aliqua.','Lorem ipsum dolor sit amet, consectetur adipiscing elit, sed do eiusmod tempor incididunt ut labore et dolore magna aliqua.');
INSERT INTO MEDICATIONS (MEDID, GNAME, BNAME, ACTION, DEA, BTFLAG, SIDE_EFFECTS, INTERACTIONS, WARNINGS) VALUES (48,'Diclofenac','Voltaren','NSAID',null,null,'Lorem ipsum dolor sit amet, consectetur adipiscing elit, sed do eiusmod tempor incididunt ut labore et dolore magna aliqua.','Lorem ipsum dolor sit amet, consectetur adipiscing elit, sed do eiusmod tempor incididunt ut labore et dolore magna aliqua.','Lorem ipsum dolor sit amet, consectetur adipiscing elit, sed do eiusmod tempor incididunt ut labore et dolore magna aliqua.');
INSERT INTO MEDICATIONS (MEDID, GNAME, BNAME, ACTION, DEA, BTFLAG, SIDE_EFFECTS, INTERACTIONS, WARNINGS) VALUES (49,'Dicyclomine','Bentyl','Gut antispasmodic',null,null,'Lorem ipsum dolor sit amet, consectetur adipiscing elit, sed do eiusmod tempor incididunt ut labore et dolore magna aliqua.','Lorem ipsum dolor sit amet, consectetur adipiscing elit, sed do eiusmod tempor incididunt ut labore et dolore magna aliqua.','Lorem ipsum dolor sit amet, consectetur adipiscing elit, sed do eiusmod tempor incididunt ut labore et dolore magna aliqua.');
INSERT INTO MEDICATIONS (MEDID, GNAME, BNAME, ACTION, DEA, BTFLAG, SIDE_EFFECTS, INTERACTIONS, WARNINGS) VALUES (50,'Digoxin','Lanoxin','Beta Blocker',null,null,'Lorem ipsum dolor sit amet, consectetur adipiscing elit, sed do eiusmod tempor incididunt ut labore et dolore magna aliqua.','Lorem ipsum dolor sit amet, consectetur adipiscing elit, sed do eiusmod tempor incididunt ut labore et dolore magna aliqua.','Lorem ipsum dolor sit amet, consectetur adipiscing elit, sed do eiusmod tempor incididunt ut labore et dolore magna aliqua.');
INSERT INTO MEDICATIONS (MEDID, GNAME, BNAME, ACTION, DEA, BTFLAG, SIDE_EFFECTS, INTERACTIONS, WARNINGS) VALUES (51,'Diltiazem','Cardizem','Calcium Channel Blocker',null,null,'Lorem ipsum dolor sit amet, consectetur adipiscing elit, sed do eiusmod tempor incididunt ut labore et dolore magna aliqua.','Lorem ipsum dolor sit amet, consectetur adipiscing elit, sed do eiusmod tempor incididunt ut labore et dolore magna aliqua.','Lorem ipsum dolor sit amet, consectetur adipiscing elit, sed do eiusmod tempor incididunt ut labore et dolore magna aliqua.');
INSERT INTO MEDICATIONS (MEDID, GNAME, BNAME, ACTION, DEA, BTFLAG, SIDE_EFFECTS, INTERACTIONS, WARNINGS) VALUES (52,'Divalproex','Depakote','Anticonvulsant',null,null,'Lorem ipsum dolor sit amet, consectetur adipiscing elit, sed do eiusmod tempor incididunt ut labore et dolore magna aliqua.','Lorem ipsum dolor sit amet, consectetur adipiscing elit, sed do eiusmod tempor incididunt ut labore et dolore magna aliqua.','Lorem ipsum dolor sit amet, consectetur adipiscing elit, sed do eiusmod tempor incididunt ut labore et dolore magna aliqua.');
INSERT INTO MEDICATIONS (MEDID, GNAME, BNAME, ACTION, DEA, BTFLAG, SIDE_EFFECTS, INTERACTIONS, WARNINGS) VALUES (53,'Donepezil','Aricept','Cognition Enhancer',null,null,'Lorem ipsum dolor sit amet, consectetur adipiscing elit, sed do eiusmod tempor incididunt ut labore et dolore magna aliqua.','Lorem ipsum dolor sit amet, consectetur adipiscing elit, sed do eiusmod tempor incididunt ut labore et dolore magna aliqua.','Lorem ipsum dolor sit amet, consectetur adipiscing elit, sed do eiusmod tempor incididunt ut labore et dolore magna aliqua.');
INSERT INTO MEDICATIONS (MEDID, GNAME, BNAME, ACTION, DEA, BTFLAG, SIDE_EFFECTS, INTERACTIONS, WARNINGS) VALUES (54,'Doxazosin','Cardura','Alpha Blocker',null,null,'Lorem ipsum dolor sit amet, consectetur adipiscing elit, sed do eiusmod tempor incididunt ut labore et dolore magna aliqua.','Lorem ipsum dolor sit amet, consectetur adipiscing elit, sed do eiusmod tempor incididunt ut labore et dolore magna aliqua.','Lorem ipsum dolor sit amet, consectetur adipiscing elit, sed do eiusmod tempor incididunt ut labore et dolore magna aliqua.');
INSERT INTO MEDICATIONS (MEDID, GNAME, BNAME, ACTION, DEA, BTFLAG, SIDE_EFFECTS, INTERACTIONS, WARNINGS) VALUES (55,'Duloxetine','Cymbalta','Antidepressant',null,null,'Lorem ipsum dolor sit amet, consectetur adipiscing elit, sed do eiusmod tempor incididunt ut labore et dolore magna aliqua.','Lorem ipsum dolor sit amet, consectetur adipiscing elit, sed do eiusmod tempor incididunt ut labore et dolore magna aliqua.','Lorem ipsum dolor sit amet, consectetur adipiscing elit, sed do eiusmod tempor incididunt ut labore et dolore magna aliqua.');
INSERT INTO MEDICATIONS (MEDID, GNAME, BNAME, ACTION, DEA, BTFLAG, SIDE_EFFECTS, INTERACTIONS, WARNINGS) VALUES (56,'Dutasteride','Avodart','Steroid Inhibitor',null,null,'Lorem ipsum dolor sit amet, consectetur adipiscing elit, sed do eiusmod tempor incididunt ut labore et dolore magna aliqua.','Lorem ipsum dolor sit amet, consectetur adipiscing elit, sed do eiusmod tempor incididunt ut labore et dolore magna aliqua.','Lorem ipsum dolor sit amet, consectetur adipiscing elit, sed do eiusmod tempor incididunt ut labore et dolore magna aliqua.');
INSERT INTO MEDICATIONS (MEDID, GNAME, BNAME, ACTION, DEA, BTFLAG, SIDE_EFFECTS, INTERACTIONS, WARNINGS) VALUES (57,'Enalapril','Vasotec','ACE Inhibitor',null,null,'Lorem ipsum dolor sit amet, consectetur adipiscing elit, sed do eiusmod tempor incididunt ut labore et dolore magna aliqua.','Lorem ipsum dolor sit amet, consectetur adipiscing elit, sed do eiusmod tempor incididunt ut labore et dolore magna aliqua.','Lorem ipsum dolor sit amet, consectetur adipiscing elit, sed do eiusmod tempor incididunt ut labore et dolore magna aliqua.');
INSERT INTO MEDICATIONS (MEDID, GNAME, BNAME, ACTION, DEA, BTFLAG, SIDE_EFFECTS, INTERACTIONS, WARNINGS) VALUES (58,'Enoxaparin','Lovenox','Anticoagulant',null,1,'Lorem ipsum dolor sit amet, consectetur adipiscing elit, sed do eiusmod tempor incididunt ut labore et dolore magna aliqua.','Lorem ipsum dolor sit amet, consectetur adipiscing elit, sed do eiusmod tempor incididunt ut labore et dolore magna aliqua.','Lorem ipsum dolor sit amet, consectetur adipiscing elit, sed do eiusmod tempor incididunt ut labore et dolore magna aliqua.');
INSERT INTO MEDICATIONS (MEDID, GNAME, BNAME, ACTION, DEA, BTFLAG, SIDE_EFFECTS, INTERACTIONS, WARNINGS) VALUES (59,'Escitalopram','Lexapro','Antidepressant',null,null,'Lorem ipsum dolor sit amet, consectetur adipiscing elit, sed do eiusmod tempor incididunt ut labore et dolore magna aliqua.','Lorem ipsum dolor sit amet, consectetur adipiscing elit, sed do eiusmod tempor incididunt ut labore et dolore magna aliqua.','Lorem ipsum dolor sit amet, consectetur adipiscing elit, sed do eiusmod tempor incididunt ut labore et dolore magna aliqua.');
INSERT INTO MEDICATIONS (MEDID, GNAME, BNAME, ACTION, DEA, BTFLAG, SIDE_EFFECTS, INTERACTIONS, WARNINGS) VALUES (60,'Esomeprazole','Nexium','Proton Pump Inhibitor',null,null,'Lorem ipsum dolor sit amet, consectetur adipiscing elit, sed do eiusmod tempor incididunt ut labore et dolore magna aliqua.','Lorem ipsum dolor sit amet, consectetur adipiscing elit, sed do eiusmod tempor incididunt ut labore et dolore magna aliqua.','Lorem ipsum dolor sit amet, consectetur adipiscing elit, sed do eiusmod tempor incididunt ut labore et dolore magna aliqua.');
INSERT INTO MEDICATIONS (MEDID, GNAME, BNAME, ACTION, DEA, BTFLAG, SIDE_EFFECTS, INTERACTIONS, WARNINGS) VALUES (61,'Estradiol','Estrace','Supplement',null,null,'Lorem ipsum dolor sit amet, consectetur adipiscing elit, sed do eiusmod tempor incididunt ut labore et dolore magna aliqua.','Lorem ipsum dolor sit amet, consectetur adipiscing elit, sed do eiusmod tempor incididunt ut labore et dolore magna aliqua.','Lorem ipsum dolor sit amet, consectetur adipiscing elit, sed do eiusmod tempor incididunt ut labore et dolore magna aliqua.');
INSERT INTO MEDICATIONS (MEDID, GNAME, BNAME, ACTION, DEA, BTFLAG, SIDE_EFFECTS, INTERACTIONS, WARNINGS) VALUES (62,'Estrogen','Premarin','Supplement',null,null,'Lorem ipsum dolor sit amet, consectetur adipiscing elit, sed do eiusmod tempor incididunt ut labore et dolore magna aliqua.','Lorem ipsum dolor sit amet, consectetur adipiscing elit, sed do eiusmod tempor incididunt ut labore et dolore magna aliqua.','Lorem ipsum dolor sit amet, consectetur adipiscing elit, sed do eiusmod tempor incididunt ut labore et dolore magna aliqua.');
INSERT INTO MEDICATIONS (MEDID, GNAME, BNAME, ACTION, DEA, BTFLAG, SIDE_EFFECTS, INTERACTIONS, WARNINGS) VALUES (63,'Eszopiclone','Lunesta','Sedative',4,null,'Lorem ipsum dolor sit amet, consectetur adipiscing elit, sed do eiusmod tempor incididunt ut labore et dolore magna aliqua.','Lorem ipsum dolor sit amet, consectetur adipiscing elit, sed do eiusmod tempor incididunt ut labore et dolore magna aliqua.','Lorem ipsum dolor sit amet, consectetur adipiscing elit, sed do eiusmod tempor incididunt ut labore et dolore magna aliqua.');
INSERT INTO MEDICATIONS (MEDID, GNAME, BNAME, ACTION, DEA, BTFLAG, SIDE_EFFECTS, INTERACTIONS, WARNINGS) VALUES (64,'Etanercept','Enbrel','Immunosuppressive',null,null,'Lorem ipsum dolor sit amet, consectetur adipiscing elit, sed do eiusmod tempor incididunt ut labore et dolore magna aliqua.','Lorem ipsum dolor sit amet, consectetur adipiscing elit, sed do eiusmod tempor incididunt ut labore et dolore magna aliqua.','Lorem ipsum dolor sit amet, consectetur adipiscing elit, sed do eiusmod tempor incididunt ut labore et dolore magna aliqua.');
INSERT INTO MEDICATIONS (MEDID, GNAME, BNAME, ACTION, DEA, BTFLAG, SIDE_EFFECTS, INTERACTIONS, WARNINGS) VALUES (65,'Ezetimibe','Zetia','Lipid Regulator',null,null,'Lorem ipsum dolor sit amet, consectetur adipiscing elit, sed do eiusmod tempor incididunt ut labore et dolore magna aliqua.','Lorem ipsum dolor sit amet, consectetur adipiscing elit, sed do eiusmod tempor incididunt ut labore et dolore magna aliqua.','Lorem ipsum dolor sit amet, consectetur adipiscing elit, sed do eiusmod tempor incididunt ut labore et dolore magna aliqua.');
INSERT INTO MEDICATIONS (MEDID, GNAME, BNAME, ACTION, DEA, BTFLAG, SIDE_EFFECTS, INTERACTIONS, WARNINGS) VALUES (66,'Ezetimibe+Simvastatin','Vytorin','Lipid Regulator',null,null,'Lorem ipsum dolor sit amet, consectetur adipiscing elit, sed do eiusmod tempor incididunt ut labore et dolore magna aliqua.','Lorem ipsum dolor sit amet, consectetur adipiscing elit, sed do eiusmod tempor incididunt ut labore et dolore magna aliqua.','Lorem ipsum dolor sit amet, consectetur adipiscing elit, sed do eiusmod tempor incididunt ut labore et dolore magna aliqua.');
INSERT INTO MEDICATIONS (MEDID, GNAME, BNAME, ACTION, DEA, BTFLAG, SIDE_EFFECTS, INTERACTIONS, WARNINGS) VALUES (67,'Famotidine','Pepcid','Antacid',null,null,'Lorem ipsum dolor sit amet, consectetur adipiscing elit, sed do eiusmod tempor incididunt ut labore et dolore magna aliqua.','Lorem ipsum dolor sit amet, consectetur adipiscing elit, sed do eiusmod tempor incididunt ut labore et dolore magna aliqua.','Lorem ipsum dolor sit amet, consectetur adipiscing elit, sed do eiusmod tempor incididunt ut labore et dolore magna aliqua.');
INSERT INTO MEDICATIONS (MEDID, GNAME, BNAME, ACTION, DEA, BTFLAG, SIDE_EFFECTS, INTERACTIONS, WARNINGS) VALUES (68,'Febuxostat','Uloric','Uric acid reducer',null,null,'Lorem ipsum dolor sit amet, consectetur adipiscing elit, sed do eiusmod tempor incididunt ut labore et dolore magna aliqua.','Lorem ipsum dolor sit amet, consectetur adipiscing elit, sed do eiusmod tempor incididunt ut labore et dolore magna aliqua.','Lorem ipsum dolor sit amet, consectetur adipiscing elit, sed do eiusmod tempor incididunt ut labore et dolore magna aliqua.');
INSERT INTO MEDICATIONS (MEDID, GNAME, BNAME, ACTION, DEA, BTFLAG, SIDE_EFFECTS, INTERACTIONS, WARNINGS) VALUES (69,'Fenofibrate','Tricor','Lipid Regulator',null,null,'Lorem ipsum dolor sit amet, consectetur adipiscing elit, sed do eiusmod tempor incididunt ut labore et dolore magna aliqua.','Lorem ipsum dolor sit amet, consectetur adipiscing elit, sed do eiusmod tempor incididunt ut labore et dolore magna aliqua.','Lorem ipsum dolor sit amet, consectetur adipiscing elit, sed do eiusmod tempor incididunt ut labore et dolore magna aliqua.');
INSERT INTO MEDICATIONS (MEDID, GNAME, BNAME, ACTION, DEA, BTFLAG, SIDE_EFFECTS, INTERACTIONS, WARNINGS) VALUES (70,'Fentanyl','Duragesic','Narcotic',2,null,'Lorem ipsum dolor sit amet, consectetur adipiscing elit, sed do eiusmod tempor incididunt ut labore et dolore magna aliqua.','Lorem ipsum dolor sit amet, consectetur adipiscing elit, sed do eiusmod tempor incididunt ut labore et dolore magna aliqua.','Lorem ipsum dolor sit amet, consectetur adipiscing elit, sed do eiusmod tempor incididunt ut labore et dolore magna aliqua.');
INSERT INTO MEDICATIONS (MEDID, GNAME, BNAME, ACTION, DEA, BTFLAG, SIDE_EFFECTS, INTERACTIONS, WARNINGS) VALUES (71,'Finasteride','Proscar','Steroid Inhibitor',null,null,'Lorem ipsum dolor sit amet, consectetur adipiscing elit, sed do eiusmod tempor incididunt ut labore et dolore magna aliqua.','Lorem ipsum dolor sit amet, consectetur adipiscing elit, sed do eiusmod tempor incididunt ut labore et dolore magna aliqua.','Lorem ipsum dolor sit amet, consectetur adipiscing elit, sed do eiusmod tempor incididunt ut labore et dolore magna aliqua.');
INSERT INTO MEDICATIONS (MEDID, GNAME, BNAME, ACTION, DEA, BTFLAG, SIDE_EFFECTS, INTERACTIONS, WARNINGS) VALUES (72,'Fluconazole','Diflucan','Antifungal',null,null,'Lorem ipsum dolor sit amet, consectetur adipiscing elit, sed do eiusmod tempor incididunt ut labore et dolore magna aliqua.','Lorem ipsum dolor sit amet, consectetur adipiscing elit, sed do eiusmod tempor incididunt ut labore et dolore magna aliqua.','Lorem ipsum dolor sit amet, consectetur adipiscing elit, sed do eiusmod tempor incididunt ut labore et dolore magna aliqua.');
INSERT INTO MEDICATIONS (MEDID, GNAME, BNAME, ACTION, DEA, BTFLAG, SIDE_EFFECTS, INTERACTIONS, WARNINGS) VALUES (73,'Fluoxetine','Prozac','Antidepressant',null,null,'Lorem ipsum dolor sit amet, consectetur adipiscing elit, sed do eiusmod tempor incididunt ut labore et dolore magna aliqua.','Lorem ipsum dolor sit amet, consectetur adipiscing elit, sed do eiusmod tempor incididunt ut labore et dolore magna aliqua.','Lorem ipsum dolor sit amet, consectetur adipiscing elit, sed do eiusmod tempor incididunt ut labore et dolore magna aliqua.');
INSERT INTO MEDICATIONS (MEDID, GNAME, BNAME, ACTION, DEA, BTFLAG, SIDE_EFFECTS, INTERACTIONS, WARNINGS) VALUES (74,'Fluticasone','Flonase','Steroid',null,null,'Lorem ipsum dolor sit amet, consectetur adipiscing elit, sed do eiusmod tempor incididunt ut labore et dolore magna aliqua.','Lorem ipsum dolor sit amet, consectetur adipiscing elit, sed do eiusmod tempor incididunt ut labore et dolore magna aliqua.','Lorem ipsum dolor sit amet, consectetur adipiscing elit, sed do eiusmod tempor incididunt ut labore et dolore magna aliqua.');
INSERT INTO MEDICATIONS (MEDID, GNAME, BNAME, ACTION, DEA, BTFLAG, SIDE_EFFECTS, INTERACTIONS, WARNINGS) VALUES (75,'Fluticasone+Salmeterol','Advair','Bronchodilator',null,null,'Lorem ipsum dolor sit amet, consectetur adipiscing elit, sed do eiusmod tempor incididunt ut labore et dolore magna aliqua.','Lorem ipsum dolor sit amet, consectetur adipiscing elit, sed do eiusmod tempor incididunt ut labore et dolore magna aliqua.','Lorem ipsum dolor sit amet, consectetur adipiscing elit, sed do eiusmod tempor incididunt ut labore et dolore magna aliqua.');
INSERT INTO MEDICATIONS (MEDID, GNAME, BNAME, ACTION, DEA, BTFLAG, SIDE_EFFECTS, INTERACTIONS, WARNINGS) VALUES (76,'Folic Acid','Folvite','Supplement',null,null,'Lorem ipsum dolor sit amet, consectetur adipiscing elit, sed do eiusmod tempor incididunt ut labore et dolore magna aliqua.','Lorem ipsum dolor sit amet, consectetur adipiscing elit, sed do eiusmod tempor incididunt ut labore et dolore magna aliqua.','Lorem ipsum dolor sit amet, consectetur adipiscing elit, sed do eiusmod tempor incididunt ut labore et dolore magna aliqua.');
INSERT INTO MEDICATIONS (MEDID, GNAME, BNAME, ACTION, DEA, BTFLAG, SIDE_EFFECTS, INTERACTIONS, WARNINGS) VALUES (77,'Furosemide','Lasix','Diuretic',null,null,'Lorem ipsum dolor sit amet, consectetur adipiscing elit, sed do eiusmod tempor incididunt ut labore et dolore magna aliqua.','Lorem ipsum dolor sit amet, consectetur adipiscing elit, sed do eiusmod tempor incididunt ut labore et dolore magna aliqua.','Lorem ipsum dolor sit amet, consectetur adipiscing elit, sed do eiusmod tempor incididunt ut labore et dolore magna aliqua.');
INSERT INTO MEDICATIONS (MEDID, GNAME, BNAME, ACTION, DEA, BTFLAG, SIDE_EFFECTS, INTERACTIONS, WARNINGS) VALUES (78,'Gabapentin','Neurontin','Anticonvulsant',null,null,'Lorem ipsum dolor sit amet, consectetur adipiscing elit, sed do eiusmod tempor incididunt ut labore et dolore magna aliqua.','Lorem ipsum dolor sit amet, consectetur adipiscing elit, sed do eiusmod tempor incididunt ut labore et dolore magna aliqua.','Lorem ipsum dolor sit amet, consectetur adipiscing elit, sed do eiusmod tempor incididunt ut labore et dolore magna aliqua.');
INSERT INTO MEDICATIONS (MEDID, GNAME, BNAME, ACTION, DEA, BTFLAG, SIDE_EFFECTS, INTERACTIONS, WARNINGS) VALUES (79,'Gemfibrozil','Lopid','Lipid Regulator',null,null,'Lorem ipsum dolor sit amet, consectetur adipiscing elit, sed do eiusmod tempor incididunt ut labore et dolore magna aliqua.','Lorem ipsum dolor sit amet, consectetur adipiscing elit, sed do eiusmod tempor incididunt ut labore et dolore magna aliqua.','Lorem ipsum dolor sit amet, consectetur adipiscing elit, sed do eiusmod tempor incididunt ut labore et dolore magna aliqua.');
INSERT INTO MEDICATIONS (MEDID, GNAME, BNAME, ACTION, DEA, BTFLAG, SIDE_EFFECTS, INTERACTIONS, WARNINGS) VALUES (80,'Glimepiride','Amaryl','Anti-Diabetic',null,null,'Lorem ipsum dolor sit amet, consectetur adipiscing elit, sed do eiusmod tempor incididunt ut labore et dolore magna aliqua.','Lorem ipsum dolor sit amet, consectetur adipiscing elit, sed do eiusmod tempor incididunt ut labore et dolore magna aliqua.','Lorem ipsum dolor sit amet, consectetur adipiscing elit, sed do eiusmod tempor incididunt ut labore et dolore magna aliqua.');
INSERT INTO MEDICATIONS (MEDID, GNAME, BNAME, ACTION, DEA, BTFLAG, SIDE_EFFECTS, INTERACTIONS, WARNINGS) VALUES (81,'Glipizide','Glucotrol','Anti-Diabetic',null,null,'Lorem ipsum dolor sit amet, consectetur adipiscing elit, sed do eiusmod tempor incididunt ut labore et dolore magna aliqua.','Lorem ipsum dolor sit amet, consectetur adipiscing elit, sed do eiusmod tempor incididunt ut labore et dolore magna aliqua.','Lorem ipsum dolor sit amet, consectetur adipiscing elit, sed do eiusmod tempor incididunt ut labore et dolore magna aliqua.');
INSERT INTO MEDICATIONS (MEDID, GNAME, BNAME, ACTION, DEA, BTFLAG, SIDE_EFFECTS, INTERACTIONS, WARNINGS) VALUES (82,'Glyburide','Diabeta','Anti-Diabetic',null,null,'Lorem ipsum dolor sit amet, consectetur adipiscing elit, sed do eiusmod tempor incididunt ut labore et dolore magna aliqua.','Lorem ipsum dolor sit amet, consectetur adipiscing elit, sed do eiusmod tempor incididunt ut labore et dolore magna aliqua.','Lorem ipsum dolor sit amet, consectetur adipiscing elit, sed do eiusmod tempor incididunt ut labore et dolore magna aliqua.');
INSERT INTO MEDICATIONS (MEDID, GNAME, BNAME, ACTION, DEA, BTFLAG, SIDE_EFFECTS, INTERACTIONS, WARNINGS) VALUES (83,'Guaifenesin','Robitussin','Antitussive',null,null,'Lorem ipsum dolor sit amet, consectetur adipiscing elit, sed do eiusmod tempor incididunt ut labore et dolore magna aliqua.','Lorem ipsum dolor sit amet, consectetur adipiscing elit, sed do eiusmod tempor incididunt ut labore et dolore magna aliqua.','Lorem ipsum dolor sit amet, consectetur adipiscing elit, sed do eiusmod tempor incididunt ut labore et dolore magna aliqua.');
INSERT INTO MEDICATIONS (MEDID, GNAME, BNAME, ACTION, DEA, BTFLAG, SIDE_EFFECTS, INTERACTIONS, WARNINGS) VALUES (84,'Hydralazine','Apresoline','Vasodilator',null,null,'Lorem ipsum dolor sit amet, consectetur adipiscing elit, sed do eiusmod tempor incididunt ut labore et dolore magna aliqua.','Lorem ipsum dolor sit amet, consectetur adipiscing elit, sed do eiusmod tempor incididunt ut labore et dolore magna aliqua.','Lorem ipsum dolor sit amet, consectetur adipiscing elit, sed do eiusmod tempor incididunt ut labore et dolore magna aliqua.');
INSERT INTO MEDICATIONS (MEDID, GNAME, BNAME, ACTION, DEA, BTFLAG, SIDE_EFFECTS, INTERACTIONS, WARNINGS) VALUES (85,'Hydrochlorothiazide','Microzide','Diuretic',null,null,'Lorem ipsum dolor sit amet, consectetur adipiscing elit, sed do eiusmod tempor incididunt ut labore et dolore magna aliqua.','Lorem ipsum dolor sit amet, consectetur adipiscing elit, sed do eiusmod tempor incididunt ut labore et dolore magna aliqua.','Lorem ipsum dolor sit amet, consectetur adipiscing elit, sed do eiusmod tempor incididunt ut labore et dolore magna aliqua.');
INSERT INTO MEDICATIONS (MEDID, GNAME, BNAME, ACTION, DEA, BTFLAG, SIDE_EFFECTS, INTERACTIONS, WARNINGS) VALUES (86,'Hydrocodone+APAP','Vicodin','Narcotic',2,null,'Lorem ipsum dolor sit amet, consectetur adipiscing elit, sed do eiusmod tempor incididunt ut labore et dolore magna aliqua.','Lorem ipsum dolor sit amet, consectetur adipiscing elit, sed do eiusmod tempor incididunt ut labore et dolore magna aliqua.','Lorem ipsum dolor sit amet, consectetur adipiscing elit, sed do eiusmod tempor incididunt ut labore et dolore magna aliqua.');
INSERT INTO MEDICATIONS (MEDID, GNAME, BNAME, ACTION, DEA, BTFLAG, SIDE_EFFECTS, INTERACTIONS, WARNINGS) VALUES (87,'Ibuprofen','Advil','NSAID',null,null,'Lorem ipsum dolor sit amet, consectetur adipiscing elit, sed do eiusmod tempor incididunt ut labore et dolore magna aliqua.','Lorem ipsum dolor sit amet, consectetur adipiscing elit, sed do eiusmod tempor incididunt ut labore et dolore magna aliqua.','Lorem ipsum dolor sit amet, consectetur adipiscing elit, sed do eiusmod tempor incididunt ut labore et dolore magna aliqua.');
INSERT INTO MEDICATIONS (MEDID, GNAME, BNAME, ACTION, DEA, BTFLAG, SIDE_EFFECTS, INTERACTIONS, WARNINGS) VALUES (88,'Insulin Aspart','Novolog','Rapid-Acting Insulin',null,null,'Lorem ipsum dolor sit amet, consectetur adipiscing elit, sed do eiusmod tempor incididunt ut labore et dolore magna aliqua.','Lorem ipsum dolor sit amet, consectetur adipiscing elit, sed do eiusmod tempor incididunt ut labore et dolore magna aliqua.','Lorem ipsum dolor sit amet, consectetur adipiscing elit, sed do eiusmod tempor incididunt ut labore et dolore magna aliqua.');
INSERT INTO MEDICATIONS (MEDID, GNAME, BNAME, ACTION, DEA, BTFLAG, SIDE_EFFECTS, INTERACTIONS, WARNINGS) VALUES (89,'Insulin Detemir','Levemir','Long-Acting Insulin',null,null,'Lorem ipsum dolor sit amet, consectetur adipiscing elit, sed do eiusmod tempor incididunt ut labore et dolore magna aliqua.','Lorem ipsum dolor sit amet, consectetur adipiscing elit, sed do eiusmod tempor incididunt ut labore et dolore magna aliqua.','Lorem ipsum dolor sit amet, consectetur adipiscing elit, sed do eiusmod tempor incididunt ut labore et dolore magna aliqua.');
INSERT INTO MEDICATIONS (MEDID, GNAME, BNAME, ACTION, DEA, BTFLAG, SIDE_EFFECTS, INTERACTIONS, WARNINGS) VALUES (90,'Insulin Glargine','Lantus','Long-Acting Insulin',null,null,'Lorem ipsum dolor sit amet, consectetur adipiscing elit, sed do eiusmod tempor incididunt ut labore et dolore magna aliqua.','Lorem ipsum dolor sit amet, consectetur adipiscing elit, sed do eiusmod tempor incididunt ut labore et dolore magna aliqua.','Lorem ipsum dolor sit amet, consectetur adipiscing elit, sed do eiusmod tempor incididunt ut labore et dolore magna aliqua.');
INSERT INTO MEDICATIONS (MEDID, GNAME, BNAME, ACTION, DEA, BTFLAG, SIDE_EFFECTS, INTERACTIONS, WARNINGS) VALUES (91,'Insulin Lispro','Humalog','Rapid-Acting Insulin',null,null,'Lorem ipsum dolor sit amet, consectetur adipiscing elit, sed do eiusmod tempor incididunt ut labore et dolore magna aliqua.','Lorem ipsum dolor sit amet, consectetur adipiscing elit, sed do eiusmod tempor incididunt ut labore et dolore magna aliqua.','Lorem ipsum dolor sit amet, consectetur adipiscing elit, sed do eiusmod tempor incididunt ut labore et dolore magna aliqua.');
INSERT INTO MEDICATIONS (MEDID, GNAME, BNAME, ACTION, DEA, BTFLAG, SIDE_EFFECTS, INTERACTIONS, WARNINGS) VALUES (92,'Irbesartan','Avapro','Angiotensin Receptor Blockers (ARB)',null,null,'Lorem ipsum dolor sit amet, consectetur adipiscing elit, sed do eiusmod tempor incididunt ut labore et dolore magna aliqua.','Lorem ipsum dolor sit amet, consectetur adipiscing elit, sed do eiusmod tempor incididunt ut labore et dolore magna aliqua.','Lorem ipsum dolor sit amet, consectetur adipiscing elit, sed do eiusmod tempor incididunt ut labore et dolore magna aliqua.');
INSERT INTO MEDICATIONS (MEDID, GNAME, BNAME, ACTION, DEA, BTFLAG, SIDE_EFFECTS, INTERACTIONS, WARNINGS) VALUES (93,'Ketoconazole','Nizoral','Antifungal',null,null,'Lorem ipsum dolor sit amet, consectetur adipiscing elit, sed do eiusmod tempor incididunt ut labore et dolore magna aliqua.','Lorem ipsum dolor sit amet, consectetur adipiscing elit, sed do eiusmod tempor incididunt ut labore et dolore magna aliqua.','Lorem ipsum dolor sit amet, consectetur adipiscing elit, sed do eiusmod tempor incididunt ut labore et dolore magna aliqua.');
INSERT INTO MEDICATIONS (MEDID, GNAME, BNAME, ACTION, DEA, BTFLAG, SIDE_EFFECTS, INTERACTIONS, WARNINGS) VALUES (94,'Lamotrigine','Lamictal','Anticonvulsant',null,null,'Lorem ipsum dolor sit amet, consectetur adipiscing elit, sed do eiusmod tempor incididunt ut labore et dolore magna aliqua.','Lorem ipsum dolor sit amet, consectetur adipiscing elit, sed do eiusmod tempor incididunt ut labore et dolore magna aliqua.','Lorem ipsum dolor sit amet, consectetur adipiscing elit, sed do eiusmod tempor incididunt ut labore et dolore magna aliqua.');
INSERT INTO MEDICATIONS (MEDID, GNAME, BNAME, ACTION, DEA, BTFLAG, SIDE_EFFECTS, INTERACTIONS, WARNINGS) VALUES (95,'Lansoprazole','Prevacid','Proton Pump Inhibitor',null,null,'Lorem ipsum dolor sit amet, consectetur adipiscing elit, sed do eiusmod tempor incididunt ut labore et dolore magna aliqua.','Lorem ipsum dolor sit amet, consectetur adipiscing elit, sed do eiusmod tempor incididunt ut labore et dolore magna aliqua.','Lorem ipsum dolor sit amet, consectetur adipiscing elit, sed do eiusmod tempor incididunt ut labore et dolore magna aliqua.');
INSERT INTO MEDICATIONS (MEDID, GNAME, BNAME, ACTION, DEA, BTFLAG, SIDE_EFFECTS, INTERACTIONS, WARNINGS) VALUES (96,'Latanoprost','Xalatan','Eye Fluid Reducer',null,null,'Lorem ipsum dolor sit amet, consectetur adipiscing elit, sed do eiusmod tempor incididunt ut labore et dolore magna aliqua.','Lorem ipsum dolor sit amet, consectetur adipiscing elit, sed do eiusmod tempor incididunt ut labore et dolore magna aliqua.','Lorem ipsum dolor sit amet, consectetur adipiscing elit, sed do eiusmod tempor incididunt ut labore et dolore magna aliqua.');
INSERT INTO MEDICATIONS (MEDID, GNAME, BNAME, ACTION, DEA, BTFLAG, SIDE_EFFECTS, INTERACTIONS, WARNINGS) VALUES (97,'Levalbuterol','Xopenex','Bronchodilator',null,null,'Lorem ipsum dolor sit amet, consectetur adipiscing elit, sed do eiusmod tempor incididunt ut labore et dolore magna aliqua.','Lorem ipsum dolor sit amet, consectetur adipiscing elit, sed do eiusmod tempor incididunt ut labore et dolore magna aliqua.','Lorem ipsum dolor sit amet, consectetur adipiscing elit, sed do eiusmod tempor incididunt ut labore et dolore magna aliqua.');
INSERT INTO MEDICATIONS (MEDID, GNAME, BNAME, ACTION, DEA, BTFLAG, SIDE_EFFECTS, INTERACTIONS, WARNINGS) VALUES (98,'Levetiracetam','Keppra','Anticonvulsant',null,null,'Lorem ipsum dolor sit amet, consectetur adipiscing elit, sed do eiusmod tempor incididunt ut labore et dolore magna aliqua.','Lorem ipsum dolor sit amet, consectetur adipiscing elit, sed do eiusmod tempor incididunt ut labore et dolore magna aliqua.','Lorem ipsum dolor sit amet, consectetur adipiscing elit, sed do eiusmod tempor incididunt ut labore et dolore magna aliqua.');
INSERT INTO MEDICATIONS (MEDID, GNAME, BNAME, ACTION, DEA, BTFLAG, SIDE_EFFECTS, INTERACTIONS, WARNINGS) VALUES (99,'Levofloxacin','Levaquin','Antibiotic',null,null,'Lorem ipsum dolor sit amet, consectetur adipiscing elit, sed do eiusmod tempor incididunt ut labore et dolore magna aliqua.','Lorem ipsum dolor sit amet, consectetur adipiscing elit, sed do eiusmod tempor incididunt ut labore et dolore magna aliqua.','Lorem ipsum dolor sit amet, consectetur adipiscing elit, sed do eiusmod tempor incididunt ut labore et dolore magna aliqua.');
INSERT INTO MEDICATIONS (MEDID, GNAME, BNAME, ACTION, DEA, BTFLAG, SIDE_EFFECTS, INTERACTIONS, WARNINGS) VALUES (100,'Levothyroxine','Synthroid','Supplement',null,null,'Lorem ipsum dolor sit amet, consectetur adipiscing elit, sed do eiusmod tempor incididunt ut labore et dolore magna aliqua.','Lorem ipsum dolor sit amet, consectetur adipiscing elit, sed do eiusmod tempor incididunt ut labore et dolore magna aliqua.','Lorem ipsum dolor sit amet, consectetur adipiscing elit, sed do eiusmod tempor incididunt ut labore et dolore magna aliqua.');
INSERT INTO MEDICATIONS (MEDID, GNAME, BNAME, ACTION, DEA, BTFLAG, SIDE_EFFECTS, INTERACTIONS, WARNINGS) VALUES (101,'Liraglutide','Victoza','Anti-Diabetic',null,null,'Lorem ipsum dolor sit amet, consectetur adipiscing elit, sed do eiusmod tempor incididunt ut labore et dolore magna aliqua.','Lorem ipsum dolor sit amet, consectetur adipiscing elit, sed do eiusmod tempor incididunt ut labore et dolore magna aliqua.','Lorem ipsum dolor sit amet, consectetur adipiscing elit, sed do eiusmod tempor incididunt ut labore et dolore magna aliqua.');
INSERT INTO MEDICATIONS (MEDID, GNAME, BNAME, ACTION, DEA, BTFLAG, SIDE_EFFECTS, INTERACTIONS, WARNINGS) VALUES (102,'Lisdexamfetamine','Vyvanse','Stimulant',2,null,'Lorem ipsum dolor sit amet, consectetur adipiscing elit, sed do eiusmod tempor incididunt ut labore et dolore magna aliqua.','Lorem ipsum dolor sit amet, consectetur adipiscing elit, sed do eiusmod tempor incididunt ut labore et dolore magna aliqua.','Lorem ipsum dolor sit amet, consectetur adipiscing elit, sed do eiusmod tempor incididunt ut labore et dolore magna aliqua.');
INSERT INTO MEDICATIONS (MEDID, GNAME, BNAME, ACTION, DEA, BTFLAG, SIDE_EFFECTS, INTERACTIONS, WARNINGS) VALUES (103,'Lisinopril','Prinivil','ACE Inhibitor',null,null,'Lorem ipsum dolor sit amet, consectetur adipiscing elit, sed do eiusmod tempor incididunt ut labore et dolore magna aliqua.','Lorem ipsum dolor sit amet, consectetur adipiscing elit, sed do eiusmod tempor incididunt ut labore et dolore magna aliqua.','Lorem ipsum dolor sit amet, consectetur adipiscing elit, sed do eiusmod tempor incididunt ut labore et dolore magna aliqua.');
INSERT INTO MEDICATIONS (MEDID, GNAME, BNAME, ACTION, DEA, BTFLAG, SIDE_EFFECTS, INTERACTIONS, WARNINGS) VALUES (104,'Lisinopril+HCTZ','Prinizide','Hypertension Combo',null,null,'Lorem ipsum dolor sit amet, consectetur adipiscing elit, sed do eiusmod tempor incididunt ut labore et dolore magna aliqua.','Lorem ipsum dolor sit amet, consectetur adipiscing elit, sed do eiusmod tempor incididunt ut labore et dolore magna aliqua.','Lorem ipsum dolor sit amet, consectetur adipiscing elit, sed do eiusmod tempor incididunt ut labore et dolore magna aliqua.');
INSERT INTO MEDICATIONS (MEDID, GNAME, BNAME, ACTION, DEA, BTFLAG, SIDE_EFFECTS, INTERACTIONS, WARNINGS) VALUES (105,'Loratadine','Claritin','Antihistamine',null,null,'Lorem ipsum dolor sit amet, consectetur adipiscing elit, sed do eiusmod tempor incididunt ut labore et dolore magna aliqua.','Lorem ipsum dolor sit amet, consectetur adipiscing elit, sed do eiusmod tempor incididunt ut labore et dolore magna aliqua.','Lorem ipsum dolor sit amet, consectetur adipiscing elit, sed do eiusmod tempor incididunt ut labore et dolore magna aliqua.');
INSERT INTO MEDICATIONS (MEDID, GNAME, BNAME, ACTION, DEA, BTFLAG, SIDE_EFFECTS, INTERACTIONS, WARNINGS) VALUES (106,'Lorazepam','Ativan','Sedative',4,null,'Lorem ipsum dolor sit amet, consectetur adipiscing elit, sed do eiusmod tempor incididunt ut labore et dolore magna aliqua.','Lorem ipsum dolor sit amet, consectetur adipiscing elit, sed do eiusmod tempor incididunt ut labore et dolore magna aliqua.','Lorem ipsum dolor sit amet, consectetur adipiscing elit, sed do eiusmod tempor incididunt ut labore et dolore magna aliqua.');
INSERT INTO MEDICATIONS (MEDID, GNAME, BNAME, ACTION, DEA, BTFLAG, SIDE_EFFECTS, INTERACTIONS, WARNINGS) VALUES (107,'Losartan','Cozaar','Angiotensin antagonists',null,null,'Lorem ipsum dolor sit amet, consectetur adipiscing elit, sed do eiusmod tempor incididunt ut labore et dolore magna aliqua.','Lorem ipsum dolor sit amet, consectetur adipiscing elit, sed do eiusmod tempor incididunt ut labore et dolore magna aliqua.','Lorem ipsum dolor sit amet, consectetur adipiscing elit, sed do eiusmod tempor incididunt ut labore et dolore magna aliqua.');
INSERT INTO MEDICATIONS (MEDID, GNAME, BNAME, ACTION, DEA, BTFLAG, SIDE_EFFECTS, INTERACTIONS, WARNINGS) VALUES (108,'Losartan+HCTZ','Hyzaar','Hypertension Combo',null,null,'Lorem ipsum dolor sit amet, consectetur adipiscing elit, sed do eiusmod tempor incididunt ut labore et dolore magna aliqua.','Lorem ipsum dolor sit amet, consectetur adipiscing elit, sed do eiusmod tempor incididunt ut labore et dolore magna aliqua.','Lorem ipsum dolor sit amet, consectetur adipiscing elit, sed do eiusmod tempor incididunt ut labore et dolore magna aliqua.');
INSERT INTO MEDICATIONS (MEDID, GNAME, BNAME, ACTION, DEA, BTFLAG, SIDE_EFFECTS, INTERACTIONS, WARNINGS) VALUES (109,'Lovastatin','Mevacor','Statin',null,null,'Lorem ipsum dolor sit amet, consectetur adipiscing elit, sed do eiusmod tempor incididunt ut labore et dolore magna aliqua.','Lorem ipsum dolor sit amet, consectetur adipiscing elit, sed do eiusmod tempor incididunt ut labore et dolore magna aliqua.','Lorem ipsum dolor sit amet, consectetur adipiscing elit, sed do eiusmod tempor incididunt ut labore et dolore magna aliqua.');
INSERT INTO MEDICATIONS (MEDID, GNAME, BNAME, ACTION, DEA, BTFLAG, SIDE_EFFECTS, INTERACTIONS, WARNINGS) VALUES (110,'Lurasidone','Latuda','Antipsychotic',null,null,'Lorem ipsum dolor sit amet, consectetur adipiscing elit, sed do eiusmod tempor incididunt ut labore et dolore magna aliqua.','Lorem ipsum dolor sit amet, consectetur adipiscing elit, sed do eiusmod tempor incididunt ut labore et dolore magna aliqua.','Lorem ipsum dolor sit amet, consectetur adipiscing elit, sed do eiusmod tempor incididunt ut labore et dolore magna aliqua.');
INSERT INTO MEDICATIONS (MEDID, GNAME, BNAME, ACTION, DEA, BTFLAG, SIDE_EFFECTS, INTERACTIONS, WARNINGS) VALUES (111,'Meclizine','Dramamine','Antiemetic',null,null,'Lorem ipsum dolor sit amet, consectetur adipiscing elit, sed do eiusmod tempor incididunt ut labore et dolore magna aliqua.','Lorem ipsum dolor sit amet, consectetur adipiscing elit, sed do eiusmod tempor incididunt ut labore et dolore magna aliqua.','Lorem ipsum dolor sit amet, consectetur adipiscing elit, sed do eiusmod tempor incididunt ut labore et dolore magna aliqua.');
INSERT INTO MEDICATIONS (MEDID, GNAME, BNAME, ACTION, DEA, BTFLAG, SIDE_EFFECTS, INTERACTIONS, WARNINGS) VALUES (112,'Meloxicam','Mobic','NSAID',null,null,'Lorem ipsum dolor sit amet, consectetur adipiscing elit, sed do eiusmod tempor incididunt ut labore et dolore magna aliqua.','Lorem ipsum dolor sit amet, consectetur adipiscing elit, sed do eiusmod tempor incididunt ut labore et dolore magna aliqua.','Lorem ipsum dolor sit amet, consectetur adipiscing elit, sed do eiusmod tempor incididunt ut labore et dolore magna aliqua.');
INSERT INTO MEDICATIONS (MEDID, GNAME, BNAME, ACTION, DEA, BTFLAG, SIDE_EFFECTS, INTERACTIONS, WARNINGS) VALUES (113,'Memantine','Namenda','Cognition Enhancer',null,null,'Lorem ipsum dolor sit amet, consectetur adipiscing elit, sed do eiusmod tempor incididunt ut labore et dolore magna aliqua.','Lorem ipsum dolor sit amet, consectetur adipiscing elit, sed do eiusmod tempor incididunt ut labore et dolore magna aliqua.','Lorem ipsum dolor sit amet, consectetur adipiscing elit, sed do eiusmod tempor incididunt ut labore et dolore magna aliqua.');
INSERT INTO MEDICATIONS (MEDID, GNAME, BNAME, ACTION, DEA, BTFLAG, SIDE_EFFECTS, INTERACTIONS, WARNINGS) VALUES (114,'Metformin','Glucophage','Anti-Diabetic',null,null,'Lorem ipsum dolor sit amet, consectetur adipiscing elit, sed do eiusmod tempor incididunt ut labore et dolore magna aliqua.','Lorem ipsum dolor sit amet, consectetur adipiscing elit, sed do eiusmod tempor incididunt ut labore et dolore magna aliqua.','Lorem ipsum dolor sit amet, consectetur adipiscing elit, sed do eiusmod tempor incididunt ut labore et dolore magna aliqua.');
INSERT INTO MEDICATIONS (MEDID, GNAME, BNAME, ACTION, DEA, BTFLAG, SIDE_EFFECTS, INTERACTIONS, WARNINGS) VALUES (115,'Methadone','Dolophine','Narcotic',2,null,'Lorem ipsum dolor sit amet, consectetur adipiscing elit, sed do eiusmod tempor incididunt ut labore et dolore magna aliqua.','Lorem ipsum dolor sit amet, consectetur adipiscing elit, sed do eiusmod tempor incididunt ut labore et dolore magna aliqua.','Lorem ipsum dolor sit amet, consectetur adipiscing elit, sed do eiusmod tempor incididunt ut labore et dolore magna aliqua.');
INSERT INTO MEDICATIONS (MEDID, GNAME, BNAME, ACTION, DEA, BTFLAG, SIDE_EFFECTS, INTERACTIONS, WARNINGS) VALUES (116,'Methocarbamol','Robaxin','Muscle Relaxer',null,null,'Lorem ipsum dolor sit amet, consectetur adipiscing elit, sed do eiusmod tempor incididunt ut labore et dolore magna aliqua.','Lorem ipsum dolor sit amet, consectetur adipiscing elit, sed do eiusmod tempor incididunt ut labore et dolore magna aliqua.','Lorem ipsum dolor sit amet, consectetur adipiscing elit, sed do eiusmod tempor incididunt ut labore et dolore magna aliqua.');
INSERT INTO MEDICATIONS (MEDID, GNAME, BNAME, ACTION, DEA, BTFLAG, SIDE_EFFECTS, INTERACTIONS, WARNINGS) VALUES (117,'Methotrexate','Rheumatrex','Immunosuppressive',null,null,'Lorem ipsum dolor sit amet, consectetur adipiscing elit, sed do eiusmod tempor incididunt ut labore et dolore magna aliqua.','Lorem ipsum dolor sit amet, consectetur adipiscing elit, sed do eiusmod tempor incididunt ut labore et dolore magna aliqua.','Lorem ipsum dolor sit amet, consectetur adipiscing elit, sed do eiusmod tempor incididunt ut labore et dolore magna aliqua.');
INSERT INTO MEDICATIONS (MEDID, GNAME, BNAME, ACTION, DEA, BTFLAG, SIDE_EFFECTS, INTERACTIONS, WARNINGS) VALUES (118,'Methylphenidate','Concerta','Stimulant',2,null,'Lorem ipsum dolor sit amet, consectetur adipiscing elit, sed do eiusmod tempor incididunt ut labore et dolore magna aliqua.','Lorem ipsum dolor sit amet, consectetur adipiscing elit, sed do eiusmod tempor incididunt ut labore et dolore magna aliqua.','Lorem ipsum dolor sit amet, consectetur adipiscing elit, sed do eiusmod tempor incididunt ut labore et dolore magna aliqua.');
INSERT INTO MEDICATIONS (MEDID, GNAME, BNAME, ACTION, DEA, BTFLAG, SIDE_EFFECTS, INTERACTIONS, WARNINGS) VALUES (119,'Methylprednisolone','Medrol','Corticosteroid',null,null,'Lorem ipsum dolor sit amet, consectetur adipiscing elit, sed do eiusmod tempor incididunt ut labore et dolore magna aliqua.','Lorem ipsum dolor sit amet, consectetur adipiscing elit, sed do eiusmod tempor incididunt ut labore et dolore magna aliqua.','Lorem ipsum dolor sit amet, consectetur adipiscing elit, sed do eiusmod tempor incididunt ut labore et dolore magna aliqua.');
INSERT INTO MEDICATIONS (MEDID, GNAME, BNAME, ACTION, DEA, BTFLAG, SIDE_EFFECTS, INTERACTIONS, WARNINGS) VALUES (120,'Metoclopramide','Reglan','Gut Stumlant',null,null,'Lorem ipsum dolor sit amet, consectetur adipiscing elit, sed do eiusmod tempor incididunt ut labore et dolore magna aliqua.','Lorem ipsum dolor sit amet, consectetur adipiscing elit, sed do eiusmod tempor incididunt ut labore et dolore magna aliqua.','Lorem ipsum dolor sit amet, consectetur adipiscing elit, sed do eiusmod tempor incididunt ut labore et dolore magna aliqua.');
INSERT INTO MEDICATIONS (MEDID, GNAME, BNAME, ACTION, DEA, BTFLAG, SIDE_EFFECTS, INTERACTIONS, WARNINGS) VALUES (121,'Metoprolol','Lopressor','Beta Blocker',null,null,'Lorem ipsum dolor sit amet, consectetur adipiscing elit, sed do eiusmod tempor incididunt ut labore et dolore magna aliqua.','Lorem ipsum dolor sit amet, consectetur adipiscing elit, sed do eiusmod tempor incididunt ut labore et dolore magna aliqua.','Lorem ipsum dolor sit amet, consectetur adipiscing elit, sed do eiusmod tempor incididunt ut labore et dolore magna aliqua.');
INSERT INTO MEDICATIONS (MEDID, GNAME, BNAME, ACTION, DEA, BTFLAG, SIDE_EFFECTS, INTERACTIONS, WARNINGS) VALUES (122,'Metronidazole','Flagyl','Antibiotic',null,null,'Lorem ipsum dolor sit amet, consectetur adipiscing elit, sed do eiusmod tempor incididunt ut labore et dolore magna aliqua.','Lorem ipsum dolor sit amet, consectetur adipiscing elit, sed do eiusmod tempor incididunt ut labore et dolore magna aliqua.','Lorem ipsum dolor sit amet, consectetur adipiscing elit, sed do eiusmod tempor incididunt ut labore et dolore magna aliqua.');
INSERT INTO MEDICATIONS (MEDID, GNAME, BNAME, ACTION, DEA, BTFLAG, SIDE_EFFECTS, INTERACTIONS, WARNINGS) VALUES (123,'Minocycline','Minocin','Antibiotic',null,null,'Lorem ipsum dolor sit amet, consectetur adipiscing elit, sed do eiusmod tempor incididunt ut labore et dolore magna aliqua.','Lorem ipsum dolor sit amet, consectetur adipiscing elit, sed do eiusmod tempor incididunt ut labore et dolore magna aliqua.','Lorem ipsum dolor sit amet, consectetur adipiscing elit, sed do eiusmod tempor incididunt ut labore et dolore magna aliqua.');
INSERT INTO MEDICATIONS (MEDID, GNAME, BNAME, ACTION, DEA, BTFLAG, SIDE_EFFECTS, INTERACTIONS, WARNINGS) VALUES (124,'Mirtazepine','Remeron','Antidepressant',null,null,'Lorem ipsum dolor sit amet, consectetur adipiscing elit, sed do eiusmod tempor incididunt ut labore et dolore magna aliqua.','Lorem ipsum dolor sit amet, consectetur adipiscing elit, sed do eiusmod tempor incididunt ut labore et dolore magna aliqua.','Lorem ipsum dolor sit amet, consectetur adipiscing elit, sed do eiusmod tempor incididunt ut labore et dolore magna aliqua.');
INSERT INTO MEDICATIONS (MEDID, GNAME, BNAME, ACTION, DEA, BTFLAG, SIDE_EFFECTS, INTERACTIONS, WARNINGS) VALUES (125,'Mometasone','Nasonex','Steroid',null,null,'Lorem ipsum dolor sit amet, consectetur adipiscing elit, sed do eiusmod tempor incididunt ut labore et dolore magna aliqua.','Lorem ipsum dolor sit amet, consectetur adipiscing elit, sed do eiusmod tempor incididunt ut labore et dolore magna aliqua.','Lorem ipsum dolor sit amet, consectetur adipiscing elit, sed do eiusmod tempor incididunt ut labore et dolore magna aliqua.');
INSERT INTO MEDICATIONS (MEDID, GNAME, BNAME, ACTION, DEA, BTFLAG, SIDE_EFFECTS, INTERACTIONS, WARNINGS) VALUES (126,'Montelukast','Singulair','Anti-Inflammatory',null,null,'Lorem ipsum dolor sit amet, consectetur adipiscing elit, sed do eiusmod tempor incididunt ut labore et dolore magna aliqua.','Lorem ipsum dolor sit amet, consectetur adipiscing elit, sed do eiusmod tempor incididunt ut labore et dolore magna aliqua.','Lorem ipsum dolor sit amet, consectetur adipiscing elit, sed do eiusmod tempor incididunt ut labore et dolore magna aliqua.');
INSERT INTO MEDICATIONS (MEDID, GNAME, BNAME, ACTION, DEA, BTFLAG, SIDE_EFFECTS, INTERACTIONS, WARNINGS) VALUES (127,'Mupirocin','Bactroban','Antibiotic',null,null,'Lorem ipsum dolor sit amet, consectetur adipiscing elit, sed do eiusmod tempor incididunt ut labore et dolore magna aliqua.','Lorem ipsum dolor sit amet, consectetur adipiscing elit, sed do eiusmod tempor incididunt ut labore et dolore magna aliqua.','Lorem ipsum dolor sit amet, consectetur adipiscing elit, sed do eiusmod tempor incididunt ut labore et dolore magna aliqua.');
INSERT INTO MEDICATIONS (MEDID, GNAME, BNAME, ACTION, DEA, BTFLAG, SIDE_EFFECTS, INTERACTIONS, WARNINGS) VALUES (128,'Nabumetone','Relafen','NSAID',null,null,'Lorem ipsum dolor sit amet, consectetur adipiscing elit, sed do eiusmod tempor incididunt ut labore et dolore magna aliqua.','Lorem ipsum dolor sit amet, consectetur adipiscing elit, sed do eiusmod tempor incididunt ut labore et dolore magna aliqua.','Lorem ipsum dolor sit amet, consectetur adipiscing elit, sed do eiusmod tempor incididunt ut labore et dolore magna aliqua.');
INSERT INTO MEDICATIONS (MEDID, GNAME, BNAME, ACTION, DEA, BTFLAG, SIDE_EFFECTS, INTERACTIONS, WARNINGS) VALUES (129,'Naproxen','Aleve','NSAID',null,null,'Lorem ipsum dolor sit amet, consectetur adipiscing elit, sed do eiusmod tempor incididunt ut labore et dolore magna aliqua.','Lorem ipsum dolor sit amet, consectetur adipiscing elit, sed do eiusmod tempor incididunt ut labore et dolore magna aliqua.','Lorem ipsum dolor sit amet, consectetur adipiscing elit, sed do eiusmod tempor incididunt ut labore et dolore magna aliqua.');
INSERT INTO MEDICATIONS (MEDID, GNAME, BNAME, ACTION, DEA, BTFLAG, SIDE_EFFECTS, INTERACTIONS, WARNINGS) VALUES (130,'Nebivolol','Bystolic','Beta Blocker',null,null,'Lorem ipsum dolor sit amet, consectetur adipiscing elit, sed do eiusmod tempor incididunt ut labore et dolore magna aliqua.','Lorem ipsum dolor sit amet, consectetur adipiscing elit, sed do eiusmod tempor incididunt ut labore et dolore magna aliqua.','Lorem ipsum dolor sit amet, consectetur adipiscing elit, sed do eiusmod tempor incididunt ut labore et dolore magna aliqua.');
INSERT INTO MEDICATIONS (MEDID, GNAME, BNAME, ACTION, DEA, BTFLAG, SIDE_EFFECTS, INTERACTIONS, WARNINGS) VALUES (131,'Nifedipine','Procardia','Calcium Channel Blocker',null,null,'Lorem ipsum dolor sit amet, consectetur adipiscing elit, sed do eiusmod tempor incididunt ut labore et dolore magna aliqua.','Lorem ipsum dolor sit amet, consectetur adipiscing elit, sed do eiusmod tempor incididunt ut labore et dolore magna aliqua.','Lorem ipsum dolor sit amet, consectetur adipiscing elit, sed do eiusmod tempor incididunt ut labore et dolore magna aliqua.');
INSERT INTO MEDICATIONS (MEDID, GNAME, BNAME, ACTION, DEA, BTFLAG, SIDE_EFFECTS, INTERACTIONS, WARNINGS) VALUES (132,'Nitrofurantoin','Macrobid','Antibiotic',null,null,'Lorem ipsum dolor sit amet, consectetur adipiscing elit, sed do eiusmod tempor incididunt ut labore et dolore magna aliqua.','Lorem ipsum dolor sit amet, consectetur adipiscing elit, sed do eiusmod tempor incididunt ut labore et dolore magna aliqua.','Lorem ipsum dolor sit amet, consectetur adipiscing elit, sed do eiusmod tempor incididunt ut labore et dolore magna aliqua.');
INSERT INTO MEDICATIONS (MEDID, GNAME, BNAME, ACTION, DEA, BTFLAG, SIDE_EFFECTS, INTERACTIONS, WARNINGS) VALUES (133,'Nitroglycerine','NitroStat SL','Vasodilator',null,null,'Lorem ipsum dolor sit amet, consectetur adipiscing elit, sed do eiusmod tempor incididunt ut labore et dolore magna aliqua.','Lorem ipsum dolor sit amet, consectetur adipiscing elit, sed do eiusmod tempor incididunt ut labore et dolore magna aliqua.','Lorem ipsum dolor sit amet, consectetur adipiscing elit, sed do eiusmod tempor incididunt ut labore et dolore magna aliqua.');
INSERT INTO MEDICATIONS (MEDID, GNAME, BNAME, ACTION, DEA, BTFLAG, SIDE_EFFECTS, INTERACTIONS, WARNINGS) VALUES (134,'Nortriptyline','Pamelor','Antidepressant',null,null,'Lorem ipsum dolor sit amet, consectetur adipiscing elit, sed do eiusmod tempor incididunt ut labore et dolore magna aliqua.','Lorem ipsum dolor sit amet, consectetur adipiscing elit, sed do eiusmod tempor incididunt ut labore et dolore magna aliqua.','Lorem ipsum dolor sit amet, consectetur adipiscing elit, sed do eiusmod tempor incididunt ut labore et dolore magna aliqua.');
INSERT INTO MEDICATIONS (MEDID, GNAME, BNAME, ACTION, DEA, BTFLAG, SIDE_EFFECTS, INTERACTIONS, WARNINGS) VALUES (135,'Nystatin','Mycostatin','Antifungal',null,null,'Lorem ipsum dolor sit amet, consectetur adipiscing elit, sed do eiusmod tempor incididunt ut labore et dolore magna aliqua.','Lorem ipsum dolor sit amet, consectetur adipiscing elit, sed do eiusmod tempor incididunt ut labore et dolore magna aliqua.','Lorem ipsum dolor sit amet, consectetur adipiscing elit, sed do eiusmod tempor incididunt ut labore et dolore magna aliqua.');
INSERT INTO MEDICATIONS (MEDID, GNAME, BNAME, ACTION, DEA, BTFLAG, SIDE_EFFECTS, INTERACTIONS, WARNINGS) VALUES (136,'Olanzapine','Zyprexa','Antipsychotic',null,null,'Lorem ipsum dolor sit amet, consectetur adipiscing elit, sed do eiusmod tempor incididunt ut labore et dolore magna aliqua.','Lorem ipsum dolor sit amet, consectetur adipiscing elit, sed do eiusmod tempor incididunt ut labore et dolore magna aliqua.','Lorem ipsum dolor sit amet, consectetur adipiscing elit, sed do eiusmod tempor incididunt ut labore et dolore magna aliqua.');
INSERT INTO MEDICATIONS (MEDID, GNAME, BNAME, ACTION, DEA, BTFLAG, SIDE_EFFECTS, INTERACTIONS, WARNINGS) VALUES (137,'Olopatadine','Patanol','Antihistamine',null,null,'Lorem ipsum dolor sit amet, consectetur adipiscing elit, sed do eiusmod tempor incididunt ut labore et dolore magna aliqua.','Lorem ipsum dolor sit amet, consectetur adipiscing elit, sed do eiusmod tempor incididunt ut labore et dolore magna aliqua.','Lorem ipsum dolor sit amet, consectetur adipiscing elit, sed do eiusmod tempor incididunt ut labore et dolore magna aliqua.');
INSERT INTO MEDICATIONS (MEDID, GNAME, BNAME, ACTION, DEA, BTFLAG, SIDE_EFFECTS, INTERACTIONS, WARNINGS) VALUES (138,'Omeprazole','Prilosec','Proton Pump Inhibitor',null,null,'Lorem ipsum dolor sit amet, consectetur adipiscing elit, sed do eiusmod tempor incididunt ut labore et dolore magna aliqua.','Lorem ipsum dolor sit amet, consectetur adipiscing elit, sed do eiusmod tempor incididunt ut labore et dolore magna aliqua.','Lorem ipsum dolor sit amet, consectetur adipiscing elit, sed do eiusmod tempor incididunt ut labore et dolore magna aliqua.');
INSERT INTO MEDICATIONS (MEDID, GNAME, BNAME, ACTION, DEA, BTFLAG, SIDE_EFFECTS, INTERACTIONS, WARNINGS) VALUES (139,'Ondansetron','Zofran','Antiemetic',null,null,'Lorem ipsum dolor sit amet, consectetur adipiscing elit, sed do eiusmod tempor incididunt ut labore et dolore magna aliqua.','Lorem ipsum dolor sit amet, consectetur adipiscing elit, sed do eiusmod tempor incididunt ut labore et dolore magna aliqua.','Lorem ipsum dolor sit amet, consectetur adipiscing elit, sed do eiusmod tempor incididunt ut labore et dolore magna aliqua.');
INSERT INTO MEDICATIONS (MEDID, GNAME, BNAME, ACTION, DEA, BTFLAG, SIDE_EFFECTS, INTERACTIONS, WARNINGS) VALUES (140,'Oseltamivir','Tamiflu','Antiviral',null,null,'Lorem ipsum dolor sit amet, consectetur adipiscing elit, sed do eiusmod tempor incididunt ut labore et dolore magna aliqua.','Lorem ipsum dolor sit amet, consectetur adipiscing elit, sed do eiusmod tempor incididunt ut labore et dolore magna aliqua.','Lorem ipsum dolor sit amet, consectetur adipiscing elit, sed do eiusmod tempor incididunt ut labore et dolore magna aliqua.');
INSERT INTO MEDICATIONS (MEDID, GNAME, BNAME, ACTION, DEA, BTFLAG, SIDE_EFFECTS, INTERACTIONS, WARNINGS) VALUES (141,'Oxybutynin','Ditropan','Bladder relaxant',null,null,'Lorem ipsum dolor sit amet, consectetur adipiscing elit, sed do eiusmod tempor incididunt ut labore et dolore magna aliqua.','Lorem ipsum dolor sit amet, consectetur adipiscing elit, sed do eiusmod tempor incididunt ut labore et dolore magna aliqua.','Lorem ipsum dolor sit amet, consectetur adipiscing elit, sed do eiusmod tempor incididunt ut labore et dolore magna aliqua.');
INSERT INTO MEDICATIONS (MEDID, GNAME, BNAME, ACTION, DEA, BTFLAG, SIDE_EFFECTS, INTERACTIONS, WARNINGS) VALUES (142,'Oxycodone','OxyContin','Narcotic',2,null,'Lorem ipsum dolor sit amet, consectetur adipiscing elit, sed do eiusmod tempor incididunt ut labore et dolore magna aliqua.','Lorem ipsum dolor sit amet, consectetur adipiscing elit, sed do eiusmod tempor incididunt ut labore et dolore magna aliqua.','Lorem ipsum dolor sit amet, consectetur adipiscing elit, sed do eiusmod tempor incididunt ut labore et dolore magna aliqua.');
INSERT INTO MEDICATIONS (MEDID, GNAME, BNAME, ACTION, DEA, BTFLAG, SIDE_EFFECTS, INTERACTIONS, WARNINGS) VALUES (143,'Oxycodone+APAP','Percocet','Narcotic',2,null,'Lorem ipsum dolor sit amet, consectetur adipiscing elit, sed do eiusmod tempor incididunt ut labore et dolore magna aliqua.','Lorem ipsum dolor sit amet, consectetur adipiscing elit, sed do eiusmod tempor incididunt ut labore et dolore magna aliqua.','Lorem ipsum dolor sit amet, consectetur adipiscing elit, sed do eiusmod tempor incididunt ut labore et dolore magna aliqua.');
INSERT INTO MEDICATIONS (MEDID, GNAME, BNAME, ACTION, DEA, BTFLAG, SIDE_EFFECTS, INTERACTIONS, WARNINGS) VALUES (144,'Pantoprazole','Protonix','Proton Pump Inhibitor',null,null,'Lorem ipsum dolor sit amet, consectetur adipiscing elit, sed do eiusmod tempor incididunt ut labore et dolore magna aliqua.','Lorem ipsum dolor sit amet, consectetur adipiscing elit, sed do eiusmod tempor incididunt ut labore et dolore magna aliqua.','Lorem ipsum dolor sit amet, consectetur adipiscing elit, sed do eiusmod tempor incididunt ut labore et dolore magna aliqua.');
INSERT INTO MEDICATIONS (MEDID, GNAME, BNAME, ACTION, DEA, BTFLAG, SIDE_EFFECTS, INTERACTIONS, WARNINGS) VALUES (145,'Paroxetine','Paxil','Antidepressant',null,null,'Lorem ipsum dolor sit amet, consectetur adipiscing elit, sed do eiusmod tempor incididunt ut labore et dolore magna aliqua.','Lorem ipsum dolor sit amet, consectetur adipiscing elit, sed do eiusmod tempor incididunt ut labore et dolore magna aliqua.','Lorem ipsum dolor sit amet, consectetur adipiscing elit, sed do eiusmod tempor incididunt ut labore et dolore magna aliqua.');
INSERT INTO MEDICATIONS (MEDID, GNAME, BNAME, ACTION, DEA, BTFLAG, SIDE_EFFECTS, INTERACTIONS, WARNINGS) VALUES (146,'Penicillin','Pen VK','Antibiotic',null,null,'Lorem ipsum dolor sit amet, consectetur adipiscing elit, sed do eiusmod tempor incididunt ut labore et dolore magna aliqua.','Lorem ipsum dolor sit amet, consectetur adipiscing elit, sed do eiusmod tempor incididunt ut labore et dolore magna aliqua.','Lorem ipsum dolor sit amet, consectetur adipiscing elit, sed do eiusmod tempor incididunt ut labore et dolore magna aliqua.');
INSERT INTO MEDICATIONS (MEDID, GNAME, BNAME, ACTION, DEA, BTFLAG, SIDE_EFFECTS, INTERACTIONS, WARNINGS) VALUES (147,'Phenazopyridine','Pyridium','Pain Relief',null,null,'Lorem ipsum dolor sit amet, consectetur adipiscing elit, sed do eiusmod tempor incididunt ut labore et dolore magna aliqua.','Lorem ipsum dolor sit amet, consectetur adipiscing elit, sed do eiusmod tempor incididunt ut labore et dolore magna aliqua.','Lorem ipsum dolor sit amet, consectetur adipiscing elit, sed do eiusmod tempor incididunt ut labore et dolore magna aliqua.');
INSERT INTO MEDICATIONS (MEDID, GNAME, BNAME, ACTION, DEA, BTFLAG, SIDE_EFFECTS, INTERACTIONS, WARNINGS) VALUES (148,'Phentermine','Adipex P','Stimulant',4,null,'Lorem ipsum dolor sit amet, consectetur adipiscing elit, sed do eiusmod tempor incididunt ut labore et dolore magna aliqua.','Lorem ipsum dolor sit amet, consectetur adipiscing elit, sed do eiusmod tempor incididunt ut labore et dolore magna aliqua.','Lorem ipsum dolor sit amet, consectetur adipiscing elit, sed do eiusmod tempor incididunt ut labore et dolore magna aliqua.');
INSERT INTO MEDICATIONS (MEDID, GNAME, BNAME, ACTION, DEA, BTFLAG, SIDE_EFFECTS, INTERACTIONS, WARNINGS) VALUES (149,'Phenytoin','Dilantin','Anticonvulsant',null,null,'Lorem ipsum dolor sit amet, consectetur adipiscing elit, sed do eiusmod tempor incididunt ut labore et dolore magna aliqua.','Lorem ipsum dolor sit amet, consectetur adipiscing elit, sed do eiusmod tempor incididunt ut labore et dolore magna aliqua.','Lorem ipsum dolor sit amet, consectetur adipiscing elit, sed do eiusmod tempor incididunt ut labore et dolore magna aliqua.');
INSERT INTO MEDICATIONS (MEDID, GNAME, BNAME, ACTION, DEA, BTFLAG, SIDE_EFFECTS, INTERACTIONS, WARNINGS) VALUES (150,'Pioglitazone','Actos','Anti-Diabetic',null,null,'Lorem ipsum dolor sit amet, consectetur adipiscing elit, sed do eiusmod tempor incididunt ut labore et dolore magna aliqua.','Lorem ipsum dolor sit amet, consectetur adipiscing elit, sed do eiusmod tempor incididunt ut labore et dolore magna aliqua.','Lorem ipsum dolor sit amet, consectetur adipiscing elit, sed do eiusmod tempor incididunt ut labore et dolore magna aliqua.');
INSERT INTO MEDICATIONS (MEDID, GNAME, BNAME, ACTION, DEA, BTFLAG, SIDE_EFFECTS, INTERACTIONS, WARNINGS) VALUES (151,'Potassium','K-Tab','Supplement',null,null,'Lorem ipsum dolor sit amet, consectetur adipiscing elit, sed do eiusmod tempor incididunt ut labore et dolore magna aliqua.','Lorem ipsum dolor sit amet, consectetur adipiscing elit, sed do eiusmod tempor incididunt ut labore et dolore magna aliqua.','Lorem ipsum dolor sit amet, consectetur adipiscing elit, sed do eiusmod tempor incididunt ut labore et dolore magna aliqua.');
INSERT INTO MEDICATIONS (MEDID, GNAME, BNAME, ACTION, DEA, BTFLAG, SIDE_EFFECTS, INTERACTIONS, WARNINGS) VALUES (152,'Pravastatin','Pravachol','Statin',null,null,'Lorem ipsum dolor sit amet, consectetur adipiscing elit, sed do eiusmod tempor incididunt ut labore et dolore magna aliqua.','Lorem ipsum dolor sit amet, consectetur adipiscing elit, sed do eiusmod tempor incididunt ut labore et dolore magna aliqua.','Lorem ipsum dolor sit amet, consectetur adipiscing elit, sed do eiusmod tempor incididunt ut labore et dolore magna aliqua.');
INSERT INTO MEDICATIONS (MEDID, GNAME, BNAME, ACTION, DEA, BTFLAG, SIDE_EFFECTS, INTERACTIONS, WARNINGS) VALUES (153,'Prednisolone','Omnipred','Steroid',null,null,'Lorem ipsum dolor sit amet, consectetur adipiscing elit, sed do eiusmod tempor incididunt ut labore et dolore magna aliqua.','Lorem ipsum dolor sit amet, consectetur adipiscing elit, sed do eiusmod tempor incididunt ut labore et dolore magna aliqua.','Lorem ipsum dolor sit amet, consectetur adipiscing elit, sed do eiusmod tempor incididunt ut labore et dolore magna aliqua.');
INSERT INTO MEDICATIONS (MEDID, GNAME, BNAME, ACTION, DEA, BTFLAG, SIDE_EFFECTS, INTERACTIONS, WARNINGS) VALUES (154,'Prednisone','Deltasone','Steroid',null,null,'Lorem ipsum dolor sit amet, consectetur adipiscing elit, sed do eiusmod tempor incididunt ut labore et dolore magna aliqua.','Lorem ipsum dolor sit amet, consectetur adipiscing elit, sed do eiusmod tempor incididunt ut labore et dolore magna aliqua.','Lorem ipsum dolor sit amet, consectetur adipiscing elit, sed do eiusmod tempor incididunt ut labore et dolore magna aliqua.');
INSERT INTO MEDICATIONS (MEDID, GNAME, BNAME, ACTION, DEA, BTFLAG, SIDE_EFFECTS, INTERACTIONS, WARNINGS) VALUES (155,'Pregabalin','Lyrica','Pain Relief',null,null,'Lorem ipsum dolor sit amet, consectetur adipiscing elit, sed do eiusmod tempor incididunt ut labore et dolore magna aliqua.','Lorem ipsum dolor sit amet, consectetur adipiscing elit, sed do eiusmod tempor incididunt ut labore et dolore magna aliqua.','Lorem ipsum dolor sit amet, consectetur adipiscing elit, sed do eiusmod tempor incididunt ut labore et dolore magna aliqua.');
INSERT INTO MEDICATIONS (MEDID, GNAME, BNAME, ACTION, DEA, BTFLAG, SIDE_EFFECTS, INTERACTIONS, WARNINGS) VALUES (156,'Promethazine','Phenergan','Antihistamine',null,null,'Lorem ipsum dolor sit amet, consectetur adipiscing elit, sed do eiusmod tempor incididunt ut labore et dolore magna aliqua.','Lorem ipsum dolor sit amet, consectetur adipiscing elit, sed do eiusmod tempor incididunt ut labore et dolore magna aliqua.','Lorem ipsum dolor sit amet, consectetur adipiscing elit, sed do eiusmod tempor incididunt ut labore et dolore magna aliqua.');
INSERT INTO MEDICATIONS (MEDID, GNAME, BNAME, ACTION, DEA, BTFLAG, SIDE_EFFECTS, INTERACTIONS, WARNINGS) VALUES (157,'Propranolol','Inderal','Beta Blocker',null,null,'Lorem ipsum dolor sit amet, consectetur adipiscing elit, sed do eiusmod tempor incididunt ut labore et dolore magna aliqua.','Lorem ipsum dolor sit amet, consectetur adipiscing elit, sed do eiusmod tempor incididunt ut labore et dolore magna aliqua.','Lorem ipsum dolor sit amet, consectetur adipiscing elit, sed do eiusmod tempor incididunt ut labore et dolore magna aliqua.');
INSERT INTO MEDICATIONS (MEDID, GNAME, BNAME, ACTION, DEA, BTFLAG, SIDE_EFFECTS, INTERACTIONS, WARNINGS) VALUES (158,'Quetiapine','Seroquel','Antipsychotic',null,null,'Lorem ipsum dolor sit amet, consectetur adipiscing elit, sed do eiusmod tempor incididunt ut labore et dolore magna aliqua.','Lorem ipsum dolor sit amet, consectetur adipiscing elit, sed do eiusmod tempor incididunt ut labore et dolore magna aliqua.','Lorem ipsum dolor sit amet, consectetur adipiscing elit, sed do eiusmod tempor incididunt ut labore et dolore magna aliqua.');
INSERT INTO MEDICATIONS (MEDID, GNAME, BNAME, ACTION, DEA, BTFLAG, SIDE_EFFECTS, INTERACTIONS, WARNINGS) VALUES (159,'Quinapril','Accupril','ACE Inhibitor',null,null,'Lorem ipsum dolor sit amet, consectetur adipiscing elit, sed do eiusmod tempor incididunt ut labore et dolore magna aliqua.','Lorem ipsum dolor sit amet, consectetur adipiscing elit, sed do eiusmod tempor incididunt ut labore et dolore magna aliqua.','Lorem ipsum dolor sit amet, consectetur adipiscing elit, sed do eiusmod tempor incididunt ut labore et dolore magna aliqua.');
INSERT INTO MEDICATIONS (MEDID, GNAME, BNAME, ACTION, DEA, BTFLAG, SIDE_EFFECTS, INTERACTIONS, WARNINGS) VALUES (160,'Rabeprazole','Aciphex','Proton Pump Inhibitor',null,null,'Lorem ipsum dolor sit amet, consectetur adipiscing elit, sed do eiusmod tempor incididunt ut labore et dolore magna aliqua.','Lorem ipsum dolor sit amet, consectetur adipiscing elit, sed do eiusmod tempor incididunt ut labore et dolore magna aliqua.','Lorem ipsum dolor sit amet, consectetur adipiscing elit, sed do eiusmod tempor incididunt ut labore et dolore magna aliqua.');
INSERT INTO MEDICATIONS (MEDID, GNAME, BNAME, ACTION, DEA, BTFLAG, SIDE_EFFECTS, INTERACTIONS, WARNINGS) VALUES (161,'Raloxifene','Evista','Estrogen modulator ',null,null,'Lorem ipsum dolor sit amet, consectetur adipiscing elit, sed do eiusmod tempor incididunt ut labore et dolore magna aliqua.','Lorem ipsum dolor sit amet, consectetur adipiscing elit, sed do eiusmod tempor incididunt ut labore et dolore magna aliqua.','Lorem ipsum dolor sit amet, consectetur adipiscing elit, sed do eiusmod tempor incididunt ut labore et dolore magna aliqua.');
INSERT INTO MEDICATIONS (MEDID, GNAME, BNAME, ACTION, DEA, BTFLAG, SIDE_EFFECTS, INTERACTIONS, WARNINGS) VALUES (162,'Ramipril','Altace','ACE Inhibitor',null,null,'Lorem ipsum dolor sit amet, consectetur adipiscing elit, sed do eiusmod tempor incididunt ut labore et dolore magna aliqua.','Lorem ipsum dolor sit amet, consectetur adipiscing elit, sed do eiusmod tempor incididunt ut labore et dolore magna aliqua.','Lorem ipsum dolor sit amet, consectetur adipiscing elit, sed do eiusmod tempor incididunt ut labore et dolore magna aliqua.');
INSERT INTO MEDICATIONS (MEDID, GNAME, BNAME, ACTION, DEA, BTFLAG, SIDE_EFFECTS, INTERACTIONS, WARNINGS) VALUES (163,'Ranitidine','Zantac','Antacid',null,null,'Lorem ipsum dolor sit amet, consectetur adipiscing elit, sed do eiusmod tempor incididunt ut labore et dolore magna aliqua.','Lorem ipsum dolor sit amet, consectetur adipiscing elit, sed do eiusmod tempor incididunt ut labore et dolore magna aliqua.','Lorem ipsum dolor sit amet, consectetur adipiscing elit, sed do eiusmod tempor incididunt ut labore et dolore magna aliqua.');
INSERT INTO MEDICATIONS (MEDID, GNAME, BNAME, ACTION, DEA, BTFLAG, SIDE_EFFECTS, INTERACTIONS, WARNINGS) VALUES (164,'Risedronate','Actonel','Slows bone loss',null,null,'Lorem ipsum dolor sit amet, consectetur adipiscing elit, sed do eiusmod tempor incididunt ut labore et dolore magna aliqua.','Lorem ipsum dolor sit amet, consectetur adipiscing elit, sed do eiusmod tempor incididunt ut labore et dolore magna aliqua.','Lorem ipsum dolor sit amet, consectetur adipiscing elit, sed do eiusmod tempor incididunt ut labore et dolore magna aliqua.');
INSERT INTO MEDICATIONS (MEDID, GNAME, BNAME, ACTION, DEA, BTFLAG, SIDE_EFFECTS, INTERACTIONS, WARNINGS) VALUES (165,'Risperidone','Risperdal','Antipsychotic',null,null,'Lorem ipsum dolor sit amet, consectetur adipiscing elit, sed do eiusmod tempor incididunt ut labore et dolore magna aliqua.','Lorem ipsum dolor sit amet, consectetur adipiscing elit, sed do eiusmod tempor incididunt ut labore et dolore magna aliqua.','Lorem ipsum dolor sit amet, consectetur adipiscing elit, sed do eiusmod tempor incididunt ut labore et dolore magna aliqua.');
INSERT INTO MEDICATIONS (MEDID, GNAME, BNAME, ACTION, DEA, BTFLAG, SIDE_EFFECTS, INTERACTIONS, WARNINGS) VALUES (166,'Rivaroxaban','Xarelto','Anticoagulant',null,1,'Lorem ipsum dolor sit amet, consectetur adipiscing elit, sed do eiusmod tempor incididunt ut labore et dolore magna aliqua.','Lorem ipsum dolor sit amet, consectetur adipiscing elit, sed do eiusmod tempor incididunt ut labore et dolore magna aliqua.','Lorem ipsum dolor sit amet, consectetur adipiscing elit, sed do eiusmod tempor incididunt ut labore et dolore magna aliqua.');
INSERT INTO MEDICATIONS (MEDID, GNAME, BNAME, ACTION, DEA, BTFLAG, SIDE_EFFECTS, INTERACTIONS, WARNINGS) VALUES (167,'Rivastigmine','Exelon','Cognition Enhancer',null,null,'Lorem ipsum dolor sit amet, consectetur adipiscing elit, sed do eiusmod tempor incididunt ut labore et dolore magna aliqua.','Lorem ipsum dolor sit amet, consectetur adipiscing elit, sed do eiusmod tempor incididunt ut labore et dolore magna aliqua.','Lorem ipsum dolor sit amet, consectetur adipiscing elit, sed do eiusmod tempor incididunt ut labore et dolore magna aliqua.');
INSERT INTO MEDICATIONS (MEDID, GNAME, BNAME, ACTION, DEA, BTFLAG, SIDE_EFFECTS, INTERACTIONS, WARNINGS) VALUES (168,'Ropinirole','Requip','Dopamine promoter',null,null,'Lorem ipsum dolor sit amet, consectetur adipiscing elit, sed do eiusmod tempor incididunt ut labore et dolore magna aliqua.','Lorem ipsum dolor sit amet, consectetur adipiscing elit, sed do eiusmod tempor incididunt ut labore et dolore magna aliqua.','Lorem ipsum dolor sit amet, consectetur adipiscing elit, sed do eiusmod tempor incididunt ut labore et dolore magna aliqua.');
INSERT INTO MEDICATIONS (MEDID, GNAME, BNAME, ACTION, DEA, BTFLAG, SIDE_EFFECTS, INTERACTIONS, WARNINGS) VALUES (169,'Rosuvastatin','Crestor','Statin',null,null,'Lorem ipsum dolor sit amet, consectetur adipiscing elit, sed do eiusmod tempor incididunt ut labore et dolore magna aliqua.','Lorem ipsum dolor sit amet, consectetur adipiscing elit, sed do eiusmod tempor incididunt ut labore et dolore magna aliqua.','Lorem ipsum dolor sit amet, consectetur adipiscing elit, sed do eiusmod tempor incididunt ut labore et dolore magna aliqua.');
INSERT INTO MEDICATIONS (MEDID, GNAME, BNAME, ACTION, DEA, BTFLAG, SIDE_EFFECTS, INTERACTIONS, WARNINGS) VALUES (170,'Saxagliptin','Onglyza','Anti-Diabetic',null,null,'Lorem ipsum dolor sit amet, consectetur adipiscing elit, sed do eiusmod tempor incididunt ut labore et dolore magna aliqua.','Lorem ipsum dolor sit amet, consectetur adipiscing elit, sed do eiusmod tempor incididunt ut labore et dolore magna aliqua.','Lorem ipsum dolor sit amet, consectetur adipiscing elit, sed do eiusmod tempor incididunt ut labore et dolore magna aliqua.');
INSERT INTO MEDICATIONS (MEDID, GNAME, BNAME, ACTION, DEA, BTFLAG, SIDE_EFFECTS, INTERACTIONS, WARNINGS) VALUES (171,'Sertraline','Zoloft','Antidepressant',null,null,'Lorem ipsum dolor sit amet, consectetur adipiscing elit, sed do eiusmod tempor incididunt ut labore et dolore magna aliqua.','Lorem ipsum dolor sit amet, consectetur adipiscing elit, sed do eiusmod tempor incididunt ut labore et dolore magna aliqua.','Lorem ipsum dolor sit amet, consectetur adipiscing elit, sed do eiusmod tempor incididunt ut labore et dolore magna aliqua.');
INSERT INTO MEDICATIONS (MEDID, GNAME, BNAME, ACTION, DEA, BTFLAG, SIDE_EFFECTS, INTERACTIONS, WARNINGS) VALUES (172,'Sildenafil','Viagra','Vasodilator',null,null,'Lorem ipsum dolor sit amet, consectetur adipiscing elit, sed do eiusmod tempor incididunt ut labore et dolore magna aliqua.','Lorem ipsum dolor sit amet, consectetur adipiscing elit, sed do eiusmod tempor incididunt ut labore et dolore magna aliqua.','Lorem ipsum dolor sit amet, consectetur adipiscing elit, sed do eiusmod tempor incididunt ut labore et dolore magna aliqua.');
INSERT INTO MEDICATIONS (MEDID, GNAME, BNAME, ACTION, DEA, BTFLAG, SIDE_EFFECTS, INTERACTIONS, WARNINGS) VALUES (173,'Simvastatin','Zocor','Statin',null,null,'Lorem ipsum dolor sit amet, consectetur adipiscing elit, sed do eiusmod tempor incididunt ut labore et dolore magna aliqua.','Lorem ipsum dolor sit amet, consectetur adipiscing elit, sed do eiusmod tempor incididunt ut labore et dolore magna aliqua.','Lorem ipsum dolor sit amet, consectetur adipiscing elit, sed do eiusmod tempor incididunt ut labore et dolore magna aliqua.');
INSERT INTO MEDICATIONS (MEDID, GNAME, BNAME, ACTION, DEA, BTFLAG, SIDE_EFFECTS, INTERACTIONS, WARNINGS) VALUES (174,'Sitagliptin','Januvia','Anti-Diabetic',null,null,'Lorem ipsum dolor sit amet, consectetur adipiscing elit, sed do eiusmod tempor incididunt ut labore et dolore magna aliqua.','Lorem ipsum dolor sit amet, consectetur adipiscing elit, sed do eiusmod tempor incididunt ut labore et dolore magna aliqua.','Lorem ipsum dolor sit amet, consectetur adipiscing elit, sed do eiusmod tempor incididunt ut labore et dolore magna aliqua.');
INSERT INTO MEDICATIONS (MEDID, GNAME, BNAME, ACTION, DEA, BTFLAG, SIDE_EFFECTS, INTERACTIONS, WARNINGS) VALUES (175,'Solifenacin','VESIcare','Bladder relaxant',null,null,'Lorem ipsum dolor sit amet, consectetur adipiscing elit, sed do eiusmod tempor incididunt ut labore et dolore magna aliqua.','Lorem ipsum dolor sit amet, consectetur adipiscing elit, sed do eiusmod tempor incididunt ut labore et dolore magna aliqua.','Lorem ipsum dolor sit amet, consectetur adipiscing elit, sed do eiusmod tempor incididunt ut labore et dolore magna aliqua.');
INSERT INTO MEDICATIONS (MEDID, GNAME, BNAME, ACTION, DEA, BTFLAG, SIDE_EFFECTS, INTERACTIONS, WARNINGS) VALUES (176,'Spironolactone','Aldactone','Diuretic',null,null,'Lorem ipsum dolor sit amet, consectetur adipiscing elit, sed do eiusmod tempor incididunt ut labore et dolore magna aliqua.','Lorem ipsum dolor sit amet, consectetur adipiscing elit, sed do eiusmod tempor incididunt ut labore et dolore magna aliqua.','Lorem ipsum dolor sit amet, consectetur adipiscing elit, sed do eiusmod tempor incididunt ut labore et dolore magna aliqua.');
INSERT INTO MEDICATIONS (MEDID, GNAME, BNAME, ACTION, DEA, BTFLAG, SIDE_EFFECTS, INTERACTIONS, WARNINGS) VALUES (177,'Sumatriptan','Imitrex','Vasoconstrictor',null,null,'Lorem ipsum dolor sit amet, consectetur adipiscing elit, sed do eiusmod tempor incididunt ut labore et dolore magna aliqua.','Lorem ipsum dolor sit amet, consectetur adipiscing elit, sed do eiusmod tempor incididunt ut labore et dolore magna aliqua.','Lorem ipsum dolor sit amet, consectetur adipiscing elit, sed do eiusmod tempor incididunt ut labore et dolore magna aliqua.');
INSERT INTO MEDICATIONS (MEDID, GNAME, BNAME, ACTION, DEA, BTFLAG, SIDE_EFFECTS, INTERACTIONS, WARNINGS) VALUES (178,'Tadalifil','Cialis','Vasodilator',null,null,'Lorem ipsum dolor sit amet, consectetur adipiscing elit, sed do eiusmod tempor incididunt ut labore et dolore magna aliqua.','Lorem ipsum dolor sit amet, consectetur adipiscing elit, sed do eiusmod tempor incididunt ut labore et dolore magna aliqua.','Lorem ipsum dolor sit amet, consectetur adipiscing elit, sed do eiusmod tempor incididunt ut labore et dolore magna aliqua.');
INSERT INTO MEDICATIONS (MEDID, GNAME, BNAME, ACTION, DEA, BTFLAG, SIDE_EFFECTS, INTERACTIONS, WARNINGS) VALUES (179,'Tamsulosin','Flomax','Alpha Blocker',null,null,'Lorem ipsum dolor sit amet, consectetur adipiscing elit, sed do eiusmod tempor incididunt ut labore et dolore magna aliqua.','Lorem ipsum dolor sit amet, consectetur adipiscing elit, sed do eiusmod tempor incididunt ut labore et dolore magna aliqua.','Lorem ipsum dolor sit amet, consectetur adipiscing elit, sed do eiusmod tempor incididunt ut labore et dolore magna aliqua.');
INSERT INTO MEDICATIONS (MEDID, GNAME, BNAME, ACTION, DEA, BTFLAG, SIDE_EFFECTS, INTERACTIONS, WARNINGS) VALUES (180,'Temazepam','Restoril','Sedative',4,null,'Lorem ipsum dolor sit amet, consectetur adipiscing elit, sed do eiusmod tempor incididunt ut labore et dolore magna aliqua.','Lorem ipsum dolor sit amet, consectetur adipiscing elit, sed do eiusmod tempor incididunt ut labore et dolore magna aliqua.','Lorem ipsum dolor sit amet, consectetur adipiscing elit, sed do eiusmod tempor incididunt ut labore et dolore magna aliqua.');
INSERT INTO MEDICATIONS (MEDID, GNAME, BNAME, ACTION, DEA, BTFLAG, SIDE_EFFECTS, INTERACTIONS, WARNINGS) VALUES (181,'Terazosin','Hytrin','Steroid Inhibitor',null,null,'Lorem ipsum dolor sit amet, consectetur adipiscing elit, sed do eiusmod tempor incididunt ut labore et dolore magna aliqua.','Lorem ipsum dolor sit amet, consectetur adipiscing elit, sed do eiusmod tempor incididunt ut labore et dolore magna aliqua.','Lorem ipsum dolor sit amet, consectetur adipiscing elit, sed do eiusmod tempor incididunt ut labore et dolore magna aliqua.');
INSERT INTO MEDICATIONS (MEDID, GNAME, BNAME, ACTION, DEA, BTFLAG, SIDE_EFFECTS, INTERACTIONS, WARNINGS) VALUES (182,'Testosterone','AndroGel','Supplement',3,null,'Lorem ipsum dolor sit amet, consectetur adipiscing elit, sed do eiusmod tempor incididunt ut labore et dolore magna aliqua.','Lorem ipsum dolor sit amet, consectetur adipiscing elit, sed do eiusmod tempor incididunt ut labore et dolore magna aliqua.','Lorem ipsum dolor sit amet, consectetur adipiscing elit, sed do eiusmod tempor incididunt ut labore et dolore magna aliqua.');
INSERT INTO MEDICATIONS (MEDID, GNAME, BNAME, ACTION, DEA, BTFLAG, SIDE_EFFECTS, INTERACTIONS, WARNINGS) VALUES (183,'Ticagrelor','Brilinta','Anti-Platelet',null,1,'Lorem ipsum dolor sit amet, consectetur adipiscing elit, sed do eiusmod tempor incididunt ut labore et dolore magna aliqua.','Lorem ipsum dolor sit amet, consectetur adipiscing elit, sed do eiusmod tempor incididunt ut labore et dolore magna aliqua.','Lorem ipsum dolor sit amet, consectetur adipiscing elit, sed do eiusmod tempor incididunt ut labore et dolore magna aliqua.');
INSERT INTO MEDICATIONS (MEDID, GNAME, BNAME, ACTION, DEA, BTFLAG, SIDE_EFFECTS, INTERACTIONS, WARNINGS) VALUES (184,'Tiotropium','Spiriva','Bronchodilator',null,null,'Lorem ipsum dolor sit amet, consectetur adipiscing elit, sed do eiusmod tempor incididunt ut labore et dolore magna aliqua.','Lorem ipsum dolor sit amet, consectetur adipiscing elit, sed do eiusmod tempor incididunt ut labore et dolore magna aliqua.','Lorem ipsum dolor sit amet, consectetur adipiscing elit, sed do eiusmod tempor incididunt ut labore et dolore magna aliqua.');
INSERT INTO MEDICATIONS (MEDID, GNAME, BNAME, ACTION, DEA, BTFLAG, SIDE_EFFECTS, INTERACTIONS, WARNINGS) VALUES (185,'Tizanidine','Zanaflex','Muscle Relaxer',null,null,'Lorem ipsum dolor sit amet, consectetur adipiscing elit, sed do eiusmod tempor incididunt ut labore et dolore magna aliqua.','Lorem ipsum dolor sit amet, consectetur adipiscing elit, sed do eiusmod tempor incididunt ut labore et dolore magna aliqua.','Lorem ipsum dolor sit amet, consectetur adipiscing elit, sed do eiusmod tempor incididunt ut labore et dolore magna aliqua.');
INSERT INTO MEDICATIONS (MEDID, GNAME, BNAME, ACTION, DEA, BTFLAG, SIDE_EFFECTS, INTERACTIONS, WARNINGS) VALUES (186,'Tolterodine','Detrol','Bladder relaxant',null,null,'Lorem ipsum dolor sit amet, consectetur adipiscing elit, sed do eiusmod tempor incididunt ut labore et dolore magna aliqua.','Lorem ipsum dolor sit amet, consectetur adipiscing elit, sed do eiusmod tempor incididunt ut labore et dolore magna aliqua.','Lorem ipsum dolor sit amet, consectetur adipiscing elit, sed do eiusmod tempor incididunt ut labore et dolore magna aliqua.');
INSERT INTO MEDICATIONS (MEDID, GNAME, BNAME, ACTION, DEA, BTFLAG, SIDE_EFFECTS, INTERACTIONS, WARNINGS) VALUES (187,'Topiramate','Topamax','Anticonvulsant',null,null,'Lorem ipsum dolor sit amet, consectetur adipiscing elit, sed do eiusmod tempor incididunt ut labore et dolore magna aliqua.','Lorem ipsum dolor sit amet, consectetur adipiscing elit, sed do eiusmod tempor incididunt ut labore et dolore magna aliqua.','Lorem ipsum dolor sit amet, consectetur adipiscing elit, sed do eiusmod tempor incididunt ut labore et dolore magna aliqua.');
INSERT INTO MEDICATIONS (MEDID, GNAME, BNAME, ACTION, DEA, BTFLAG, SIDE_EFFECTS, INTERACTIONS, WARNINGS) VALUES (188,'Tramadol','Ultram','Narcotic',4,null,'Lorem ipsum dolor sit amet, consectetur adipiscing elit, sed do eiusmod tempor incididunt ut labore et dolore magna aliqua.','Lorem ipsum dolor sit amet, consectetur adipiscing elit, sed do eiusmod tempor incididunt ut labore et dolore magna aliqua.','Lorem ipsum dolor sit amet, consectetur adipiscing elit, sed do eiusmod tempor incididunt ut labore et dolore magna aliqua.');
INSERT INTO MEDICATIONS (MEDID, GNAME, BNAME, ACTION, DEA, BTFLAG, SIDE_EFFECTS, INTERACTIONS, WARNINGS) VALUES (189,'Travoprost','Travatan','Eye Fluid Reducer',null,null,'Lorem ipsum dolor sit amet, consectetur adipiscing elit, sed do eiusmod tempor incididunt ut labore et dolore magna aliqua.','Lorem ipsum dolor sit amet, consectetur adipiscing elit, sed do eiusmod tempor incididunt ut labore et dolore magna aliqua.','Lorem ipsum dolor sit amet, consectetur adipiscing elit, sed do eiusmod tempor incididunt ut labore et dolore magna aliqua.');
INSERT INTO MEDICATIONS (MEDID, GNAME, BNAME, ACTION, DEA, BTFLAG, SIDE_EFFECTS, INTERACTIONS, WARNINGS) VALUES (190,'Trazodone','Desyrel','Antidepressant',null,null,'Lorem ipsum dolor sit amet, consectetur adipiscing elit, sed do eiusmod tempor incididunt ut labore et dolore magna aliqua.','Lorem ipsum dolor sit amet, consectetur adipiscing elit, sed do eiusmod tempor incididunt ut labore et dolore magna aliqua.','Lorem ipsum dolor sit amet, consectetur adipiscing elit, sed do eiusmod tempor incididunt ut labore et dolore magna aliqua.');
INSERT INTO MEDICATIONS (MEDID, GNAME, BNAME, ACTION, DEA, BTFLAG, SIDE_EFFECTS, INTERACTIONS, WARNINGS) VALUES (191,'Triamcinolone','Kenalog','Corticosteroid',null,null,'Lorem ipsum dolor sit amet, consectetur adipiscing elit, sed do eiusmod tempor incididunt ut labore et dolore magna aliqua.','Lorem ipsum dolor sit amet, consectetur adipiscing elit, sed do eiusmod tempor incididunt ut labore et dolore magna aliqua.','Lorem ipsum dolor sit amet, consectetur adipiscing elit, sed do eiusmod tempor incididunt ut labore et dolore magna aliqua.');
INSERT INTO MEDICATIONS (MEDID, GNAME, BNAME, ACTION, DEA, BTFLAG, SIDE_EFFECTS, INTERACTIONS, WARNINGS) VALUES (192,'Triamterene','Dyazide','Diuretic',null,null,'Lorem ipsum dolor sit amet, consectetur adipiscing elit, sed do eiusmod tempor incididunt ut labore et dolore magna aliqua.','Lorem ipsum dolor sit amet, consectetur adipiscing elit, sed do eiusmod tempor incididunt ut labore et dolore magna aliqua.','Lorem ipsum dolor sit amet, consectetur adipiscing elit, sed do eiusmod tempor incididunt ut labore et dolore magna aliqua.');
INSERT INTO MEDICATIONS (MEDID, GNAME, BNAME, ACTION, DEA, BTFLAG, SIDE_EFFECTS, INTERACTIONS, WARNINGS) VALUES (193,'Valacyclovir','Valtrex','Antiviral',null,null,'Lorem ipsum dolor sit amet, consectetur adipiscing elit, sed do eiusmod tempor incididunt ut labore et dolore magna aliqua.','Lorem ipsum dolor sit amet, consectetur adipiscing elit, sed do eiusmod tempor incididunt ut labore et dolore magna aliqua.','Lorem ipsum dolor sit amet, consectetur adipiscing elit, sed do eiusmod tempor incididunt ut labore et dolore magna aliqua.');
INSERT INTO MEDICATIONS (MEDID, GNAME, BNAME, ACTION, DEA, BTFLAG, SIDE_EFFECTS, INTERACTIONS, WARNINGS) VALUES (194,'Valsartan','Diovan','Angiotensin Receptor Blockers (ARB)',null,null,'Lorem ipsum dolor sit amet, consectetur adipiscing elit, sed do eiusmod tempor incididunt ut labore et dolore magna aliqua.','Lorem ipsum dolor sit amet, consectetur adipiscing elit, sed do eiusmod tempor incididunt ut labore et dolore magna aliqua.','Lorem ipsum dolor sit amet, consectetur adipiscing elit, sed do eiusmod tempor incididunt ut labore et dolore magna aliqua.');
INSERT INTO MEDICATIONS (MEDID, GNAME, BNAME, ACTION, DEA, BTFLAG, SIDE_EFFECTS, INTERACTIONS, WARNINGS) VALUES (195,'Vardenafil','Levitra','Vasodilator',null,null,'Lorem ipsum dolor sit amet, consectetur adipiscing elit, sed do eiusmod tempor incididunt ut labore et dolore magna aliqua.','Lorem ipsum dolor sit amet, consectetur adipiscing elit, sed do eiusmod tempor incididunt ut labore et dolore magna aliqua.','Lorem ipsum dolor sit amet, consectetur adipiscing elit, sed do eiusmod tempor incididunt ut labore et dolore magna aliqua.');
INSERT INTO MEDICATIONS (MEDID, GNAME, BNAME, ACTION, DEA, BTFLAG, SIDE_EFFECTS, INTERACTIONS, WARNINGS) VALUES (196,'Venlafaxine','Effexor','Antidepressant',null,null,'Lorem ipsum dolor sit amet, consectetur adipiscing elit, sed do eiusmod tempor incididunt ut labore et dolore magna aliqua.','Lorem ipsum dolor sit amet, consectetur adipiscing elit, sed do eiusmod tempor incididunt ut labore et dolore magna aliqua.','Lorem ipsum dolor sit amet, consectetur adipiscing elit, sed do eiusmod tempor incididunt ut labore et dolore magna aliqua.');
INSERT INTO MEDICATIONS (MEDID, GNAME, BNAME, ACTION, DEA, BTFLAG, SIDE_EFFECTS, INTERACTIONS, WARNINGS) VALUES (197,'Verapamil','Verelan','Calcium Channel Blocker',null,null,'Lorem ipsum dolor sit amet, consectetur adipiscing elit, sed do eiusmod tempor incididunt ut labore et dolore magna aliqua.','Lorem ipsum dolor sit amet, consectetur adipiscing elit, sed do eiusmod tempor incididunt ut labore et dolore magna aliqua.','Lorem ipsum dolor sit amet, consectetur adipiscing elit, sed do eiusmod tempor incididunt ut labore et dolore magna aliqua.');
INSERT INTO MEDICATIONS (MEDID, GNAME, BNAME, ACTION, DEA, BTFLAG, SIDE_EFFECTS, INTERACTIONS, WARNINGS) VALUES (198,'Vitamin D','Caltrate','Supplement',null,null,'Lorem ipsum dolor sit amet, consectetur adipiscing elit, sed do eiusmod tempor incididunt ut labore et dolore magna aliqua.','Lorem ipsum dolor sit amet, consectetur adipiscing elit, sed do eiusmod tempor incididunt ut labore et dolore magna aliqua.','Lorem ipsum dolor sit amet, consectetur adipiscing elit, sed do eiusmod tempor incididunt ut labore et dolore magna aliqua.');
INSERT INTO MEDICATIONS (MEDID, GNAME, BNAME, ACTION, DEA, BTFLAG, SIDE_EFFECTS, INTERACTIONS, WARNINGS) VALUES (199,'Warfarin','Coumadin','Anticoagulant',null,1,'Lorem ipsum dolor sit amet, consectetur adipiscing elit, sed do eiusmod tempor incididunt ut labore et dolore magna aliqua.','Lorem ipsum dolor sit amet, consectetur adipiscing elit, sed do eiusmod tempor incididunt ut labore et dolore magna aliqua.','Lorem ipsum dolor sit amet, consectetur adipiscing elit, sed do eiusmod tempor incididunt ut labore et dolore magna aliqua.');
INSERT INTO MEDICATIONS (MEDID, GNAME, BNAME, ACTION, DEA, BTFLAG, SIDE_EFFECTS, INTERACTIONS, WARNINGS) VALUES (200,'Zolpidem','Ambien','Sedative',4,null,'Lorem ipsum dolor sit amet, consectetur adipiscing elit, sed do eiusmod tempor incididunt ut labore et dolore magna aliqua.','Lorem ipsum dolor sit amet, consectetur adipiscing elit, sed do eiusmod tempor incididunt ut labore et dolore magna aliqua.','Lorem ipsum dolor sit amet, consectetur adipiscing elit, sed do eiusmod tempor incididunt ut labore et dolore magna aliqua.');


CREATE TABLE [CONDITIONS](
    [CONID] INT PRIMARY KEY NOT NULL UNIQUE, 
    [CONDITION] TEXT(50) NOT NULL UNIQUE, 
    [DESCRIPTION] TEXT(512));


INSERT INTO CONDITIONS (CONID, CONDITION, DESCRIPTION) VALUES (1,'Addiction','Lorem ipsum dolor sit amet, consectetur adipiscing elit, sed do eiusmod tempor incididunt ut labore et dolore magna aliqua.');
INSERT INTO CONDITIONS (CONID, CONDITION, DESCRIPTION) VALUES (2,'ADHD','Lorem ipsum dolor sit amet, consectetur adipiscing elit, sed do eiusmod tempor incididunt ut labore et dolore magna aliqua.');
INSERT INTO CONDITIONS (CONID, CONDITION, DESCRIPTION) VALUES (3,'Allergies','Lorem ipsum dolor sit amet, consectetur adipiscing elit, sed do eiusmod tempor incididunt ut labore et dolore magna aliqua.');
INSERT INTO CONDITIONS (CONID, CONDITION, DESCRIPTION) VALUES (4,'Anemia','Lorem ipsum dolor sit amet, consectetur adipiscing elit, sed do eiusmod tempor incididunt ut labore et dolore magna aliqua.');
INSERT INTO CONDITIONS (CONID, CONDITION, DESCRIPTION) VALUES (5,'Angina','Lorem ipsum dolor sit amet, consectetur adipiscing elit, sed do eiusmod tempor incididunt ut labore et dolore magna aliqua.');
INSERT INTO CONDITIONS (CONID, CONDITION, DESCRIPTION) VALUES (6,'Anxiety','Lorem ipsum dolor sit amet, consectetur adipiscing elit, sed do eiusmod tempor incididunt ut labore et dolore magna aliqua.');
INSERT INTO CONDITIONS (CONID, CONDITION, DESCRIPTION) VALUES (7,'Arthritis','Lorem ipsum dolor sit amet, consectetur adipiscing elit, sed do eiusmod tempor incididunt ut labore et dolore magna aliqua.');
INSERT INTO CONDITIONS (CONID, CONDITION, DESCRIPTION) VALUES (8,'Asthma','Lorem ipsum dolor sit amet, consectetur adipiscing elit, sed do eiusmod tempor incididunt ut labore et dolore magna aliqua.');
INSERT INTO CONDITIONS (CONID, CONDITION, DESCRIPTION) VALUES (9,'Autism','Lorem ipsum dolor sit amet, consectetur adipiscing elit, sed do eiusmod tempor incididunt ut labore et dolore magna aliqua.');
INSERT INTO CONDITIONS (CONID, CONDITION, DESCRIPTION) VALUES (10,'Bipolar Disorder','Lorem ipsum dolor sit amet, consectetur adipiscing elit, sed do eiusmod tempor incididunt ut labore et dolore magna aliqua.');
INSERT INTO CONDITIONS (CONID, CONDITION, DESCRIPTION) VALUES (11,'Cancer','Lorem ipsum dolor sit amet, consectetur adipiscing elit, sed do eiusmod tempor incididunt ut labore et dolore magna aliqua.');
INSERT INTO CONDITIONS (CONID, CONDITION, DESCRIPTION) VALUES (12,'CHF','Lorem ipsum dolor sit amet, consectetur adipiscing elit, sed do eiusmod tempor incididunt ut labore et dolore magna aliqua.');
INSERT INTO CONDITIONS (CONID, CONDITION, DESCRIPTION) VALUES (13,'Cold Sores','Lorem ipsum dolor sit amet, consectetur adipiscing elit, sed do eiusmod tempor incididunt ut labore et dolore magna aliqua.');
INSERT INTO CONDITIONS (CONID, CONDITION, DESCRIPTION) VALUES (14,'COPD','Lorem ipsum dolor sit amet, consectetur adipiscing elit, sed do eiusmod tempor incididunt ut labore et dolore magna aliqua.');
INSERT INTO CONDITIONS (CONID, CONDITION, DESCRIPTION) VALUES (15,'Coughing','Lorem ipsum dolor sit amet, consectetur adipiscing elit, sed do eiusmod tempor incididunt ut labore et dolore magna aliqua.');
INSERT INTO CONDITIONS (CONID, CONDITION, DESCRIPTION) VALUES (16,'Crohns Disease','Lorem ipsum dolor sit amet, consectetur adipiscing elit, sed do eiusmod tempor incididunt ut labore et dolore magna aliqua.');
INSERT INTO CONDITIONS (CONID, CONDITION, DESCRIPTION) VALUES (17,'Dementia','Lorem ipsum dolor sit amet, consectetur adipiscing elit, sed do eiusmod tempor incididunt ut labore et dolore magna aliqua.');
INSERT INTO CONDITIONS (CONID, CONDITION, DESCRIPTION) VALUES (18,'Depression','Lorem ipsum dolor sit amet, consectetur adipiscing elit, sed do eiusmod tempor incididunt ut labore et dolore magna aliqua.');
INSERT INTO CONDITIONS (CONID, CONDITION, DESCRIPTION) VALUES (19,'Diabetes','Lorem ipsum dolor sit amet, consectetur adipiscing elit, sed do eiusmod tempor incididunt ut labore et dolore magna aliqua.');
INSERT INTO CONDITIONS (CONID, CONDITION, DESCRIPTION) VALUES (20,'Ecxema','Lorem ipsum dolor sit amet, consectetur adipiscing elit, sed do eiusmod tempor incididunt ut labore et dolore magna aliqua.');
INSERT INTO CONDITIONS (CONID, CONDITION, DESCRIPTION) VALUES (21,'Edema','Lorem ipsum dolor sit amet, consectetur adipiscing elit, sed do eiusmod tempor incididunt ut labore et dolore magna aliqua.');
INSERT INTO CONDITIONS (CONID, CONDITION, DESCRIPTION) VALUES (22,'Enlarged Prostate','Lorem ipsum dolor sit amet, consectetur adipiscing elit, sed do eiusmod tempor incididunt ut labore et dolore magna aliqua.');
INSERT INTO CONDITIONS (CONID, CONDITION, DESCRIPTION) VALUES (23,'Erectile Dysfunction','Lorem ipsum dolor sit amet, consectetur adipiscing elit, sed do eiusmod tempor incididunt ut labore et dolore magna aliqua.');
INSERT INTO CONDITIONS (CONID, CONDITION, DESCRIPTION) VALUES (24,'Fever','Lorem ipsum dolor sit amet, consectetur adipiscing elit, sed do eiusmod tempor incididunt ut labore et dolore magna aliqua.');
INSERT INTO CONDITIONS (CONID, CONDITION, DESCRIPTION) VALUES (25,'Fibromyalgia','Lorem ipsum dolor sit amet, consectetur adipiscing elit, sed do eiusmod tempor incididunt ut labore et dolore magna aliqua.');
INSERT INTO CONDITIONS (CONID, CONDITION, DESCRIPTION) VALUES (26,'Frequent Urination','Lorem ipsum dolor sit amet, consectetur adipiscing elit, sed do eiusmod tempor incididunt ut labore et dolore magna aliqua.');
INSERT INTO CONDITIONS (CONID, CONDITION, DESCRIPTION) VALUES (27,'GERD','Lorem ipsum dolor sit amet, consectetur adipiscing elit, sed do eiusmod tempor incididunt ut labore et dolore magna aliqua.');
INSERT INTO CONDITIONS (CONID, CONDITION, DESCRIPTION) VALUES (28,'Glaucoma','Lorem ipsum dolor sit amet, consectetur adipiscing elit, sed do eiusmod tempor incididunt ut labore et dolore magna aliqua.');
INSERT INTO CONDITIONS (CONID, CONDITION, DESCRIPTION) VALUES (29,'Gout','Lorem ipsum dolor sit amet, consectetur adipiscing elit, sed do eiusmod tempor incididunt ut labore et dolore magna aliqua.');
INSERT INTO CONDITIONS (CONID, CONDITION, DESCRIPTION) VALUES (30,'Heart Attack','Lorem ipsum dolor sit amet, consectetur adipiscing elit, sed do eiusmod tempor incididunt ut labore et dolore magna aliqua.');
INSERT INTO CONDITIONS (CONID, CONDITION, DESCRIPTION) VALUES (31,'Heartburn','Lorem ipsum dolor sit amet, consectetur adipiscing elit, sed do eiusmod tempor incididunt ut labore et dolore magna aliqua.');
INSERT INTO CONDITIONS (CONID, CONDITION, DESCRIPTION) VALUES (32,'Herpes','Lorem ipsum dolor sit amet, consectetur adipiscing elit, sed do eiusmod tempor incididunt ut labore et dolore magna aliqua.');
INSERT INTO CONDITIONS (CONID, CONDITION, DESCRIPTION) VALUES (33,'High Cholesterol','Lorem ipsum dolor sit amet, consectetur adipiscing elit, sed do eiusmod tempor incididunt ut labore et dolore magna aliqua.');
INSERT INTO CONDITIONS (CONID, CONDITION, DESCRIPTION) VALUES (34,'Hypertension','Lorem ipsum dolor sit amet, consectetur adipiscing elit, sed do eiusmod tempor incididunt ut labore et dolore magna aliqua.');
INSERT INTO CONDITIONS (CONID, CONDITION, DESCRIPTION) VALUES (35,'Hypothyroidism','Lorem ipsum dolor sit amet, consectetur adipiscing elit, sed do eiusmod tempor incididunt ut labore et dolore magna aliqua.');
INSERT INTO CONDITIONS (CONID, CONDITION, DESCRIPTION) VALUES (36,'IBS','Lorem ipsum dolor sit amet, consectetur adipiscing elit, sed do eiusmod tempor incididunt ut labore et dolore magna aliqua.');
INSERT INTO CONDITIONS (CONID, CONDITION, DESCRIPTION) VALUES (37,'Infection','Lorem ipsum dolor sit amet, consectetur adipiscing elit, sed do eiusmod tempor incididunt ut labore et dolore magna aliqua.');
INSERT INTO CONDITIONS (CONID, CONDITION, DESCRIPTION) VALUES (38,'Inflammation','Lorem ipsum dolor sit amet, consectetur adipiscing elit, sed do eiusmod tempor incididunt ut labore et dolore magna aliqua.');
INSERT INTO CONDITIONS (CONID, CONDITION, DESCRIPTION) VALUES (39,'Influenza','Lorem ipsum dolor sit amet, consectetur adipiscing elit, sed do eiusmod tempor incididunt ut labore et dolore magna aliqua.');
INSERT INTO CONDITIONS (CONID, CONDITION, DESCRIPTION) VALUES (40,'Insomnia','Lorem ipsum dolor sit amet, consectetur adipiscing elit, sed do eiusmod tempor incididunt ut labore et dolore magna aliqua.');
INSERT INTO CONDITIONS (CONID, CONDITION, DESCRIPTION) VALUES (41,'Low Potassium','Lorem ipsum dolor sit amet, consectetur adipiscing elit, sed do eiusmod tempor incididunt ut labore et dolore magna aliqua.');
INSERT INTO CONDITIONS (CONID, CONDITION, DESCRIPTION) VALUES (42,'Low Testosterone','Lorem ipsum dolor sit amet, consectetur adipiscing elit, sed do eiusmod tempor incididunt ut labore et dolore magna aliqua.');
INSERT INTO CONDITIONS (CONID, CONDITION, DESCRIPTION) VALUES (43,'Menopause','Lorem ipsum dolor sit amet, consectetur adipiscing elit, sed do eiusmod tempor incididunt ut labore et dolore magna aliqua.');
INSERT INTO CONDITIONS (CONID, CONDITION, DESCRIPTION) VALUES (44,'Migranes','Lorem ipsum dolor sit amet, consectetur adipiscing elit, sed do eiusmod tempor incididunt ut labore et dolore magna aliqua.');
INSERT INTO CONDITIONS (CONID, CONDITION, DESCRIPTION) VALUES (45,'Muscle Spasms','Lorem ipsum dolor sit amet, consectetur adipiscing elit, sed do eiusmod tempor incididunt ut labore et dolore magna aliqua.');
INSERT INTO CONDITIONS (CONID, CONDITION, DESCRIPTION) VALUES (46,'Narcolepsy','Lorem ipsum dolor sit amet, consectetur adipiscing elit, sed do eiusmod tempor incididunt ut labore et dolore magna aliqua.');
INSERT INTO CONDITIONS (CONID, CONDITION, DESCRIPTION) VALUES (47,'Nausea','Lorem ipsum dolor sit amet, consectetur adipiscing elit, sed do eiusmod tempor incididunt ut labore et dolore magna aliqua.');
INSERT INTO CONDITIONS (CONID, CONDITION, DESCRIPTION) VALUES (48,'Obesity','Lorem ipsum dolor sit amet, consectetur adipiscing elit, sed do eiusmod tempor incididunt ut labore et dolore magna aliqua.');
INSERT INTO CONDITIONS (CONID, CONDITION, DESCRIPTION) VALUES (49,'Osteoporosis','Lorem ipsum dolor sit amet, consectetur adipiscing elit, sed do eiusmod tempor incididunt ut labore et dolore magna aliqua.');
INSERT INTO CONDITIONS (CONID, CONDITION, DESCRIPTION) VALUES (50,'Pain Relief','Lorem ipsum dolor sit amet, consectetur adipiscing elit, sed do eiusmod tempor incididunt ut labore et dolore magna aliqua.');
INSERT INTO CONDITIONS (CONID, CONDITION, DESCRIPTION) VALUES (51,'Parkinsons','Lorem ipsum dolor sit amet, consectetur adipiscing elit, sed do eiusmod tempor incididunt ut labore et dolore magna aliqua.');
INSERT INTO CONDITIONS (CONID, CONDITION, DESCRIPTION) VALUES (52,'Psoriasis','Lorem ipsum dolor sit amet, consectetur adipiscing elit, sed do eiusmod tempor incididunt ut labore et dolore magna aliqua.');
INSERT INTO CONDITIONS (CONID, CONDITION, DESCRIPTION) VALUES (53,'Schizophrenia','Lorem ipsum dolor sit amet, consectetur adipiscing elit, sed do eiusmod tempor incididunt ut labore et dolore magna aliqua.');
INSERT INTO CONDITIONS (CONID, CONDITION, DESCRIPTION) VALUES (54,'Seizures','Lorem ipsum dolor sit amet, consectetur adipiscing elit, sed do eiusmod tempor incididunt ut labore et dolore magna aliqua.');
INSERT INTO CONDITIONS (CONID, CONDITION, DESCRIPTION) VALUES (55,'Smoking','Lorem ipsum dolor sit amet, consectetur adipiscing elit, sed do eiusmod tempor incididunt ut labore et dolore magna aliqua.');
INSERT INTO CONDITIONS (CONID, CONDITION, DESCRIPTION) VALUES (56,'Stroke','Lorem ipsum dolor sit amet, consectetur adipiscing elit, sed do eiusmod tempor incididunt ut labore et dolore magna aliqua.');
INSERT INTO CONDITIONS (CONID, CONDITION, DESCRIPTION) VALUES (57,'Ulcerative colitis','Lorem ipsum dolor sit amet, consectetur adipiscing elit, sed do eiusmod tempor incididunt ut labore et dolore magna aliqua.');
INSERT INTO CONDITIONS (CONID, CONDITION, DESCRIPTION) VALUES (58,'Urinary Retention','Lorem ipsum dolor sit amet, consectetur adipiscing elit, sed do eiusmod tempor incididunt ut labore et dolore magna aliqua.');
INSERT INTO CONDITIONS (CONID, CONDITION, DESCRIPTION) VALUES (59,'UTI','Lorem ipsum dolor sit amet, consectetur adipiscing elit, sed do eiusmod tempor incididunt ut labore et dolore magna aliqua.');


CREATE TABLE [MEDCON](
    [MEDID] INT REFERENCES MEDICATIONS([MEDID]) ON DELETE CASCADE ON UPDATE CASCADE, 
    [CONID] INT REFERENCES CONDITIONS([CONID]) ON DELETE CASCADE ON UPDATE CASCADE, 
    PRIMARY KEY([MEDID], [CONID]));


INSERT INTO MEDCON (MEDID, CONID) VALUES (1,13);
INSERT INTO MEDCON (MEDID, CONID) VALUES (1,32);
INSERT INTO MEDCON (MEDID, CONID) VALUES (2,38);
INSERT INTO MEDCON (MEDID, CONID) VALUES (3,8);
INSERT INTO MEDCON (MEDID, CONID) VALUES (4,49);
INSERT INTO MEDCON (MEDID, CONID) VALUES (5,29);
INSERT INTO MEDCON (MEDID, CONID) VALUES (6,6);
INSERT INTO MEDCON (MEDID, CONID) VALUES (7,18);
INSERT INTO MEDCON (MEDID, CONID) VALUES (7,25);
INSERT INTO MEDCON (MEDID, CONID) VALUES (8,5);
INSERT INTO MEDCON (MEDID, CONID) VALUES (8,34);
INSERT INTO MEDCON (MEDID, CONID) VALUES (9,37);
INSERT INTO MEDCON (MEDID, CONID) VALUES (10,37);
INSERT INTO MEDCON (MEDID, CONID) VALUES (11,2);
INSERT INTO MEDCON (MEDID, CONID) VALUES (11,46);
INSERT INTO MEDCON (MEDID, CONID) VALUES (12,9);
INSERT INTO MEDCON (MEDID, CONID) VALUES (12,10);
INSERT INTO MEDCON (MEDID, CONID) VALUES (12,53);
INSERT INTO MEDCON (MEDID, CONID) VALUES (13,5);
INSERT INTO MEDCON (MEDID, CONID) VALUES (13,34);
INSERT INTO MEDCON (MEDID, CONID) VALUES (14,2);
INSERT INTO MEDCON (MEDID, CONID) VALUES (15,33);
INSERT INTO MEDCON (MEDID, CONID) VALUES (16,37);
INSERT INTO MEDCON (MEDID, CONID) VALUES (17,45);
INSERT INTO MEDCON (MEDID, CONID) VALUES (18,34);
INSERT INTO MEDCON (MEDID, CONID) VALUES (19,15);
INSERT INTO MEDCON (MEDID, CONID) VALUES (20,51);
INSERT INTO MEDCON (MEDID, CONID) VALUES (21,16);
INSERT INTO MEDCON (MEDID, CONID) VALUES (21,57);
INSERT INTO MEDCON (MEDID, CONID) VALUES (22,8);
INSERT INTO MEDCON (MEDID, CONID) VALUES (22,14);
INSERT INTO MEDCON (MEDID, CONID) VALUES (23,1);
INSERT INTO MEDCON (MEDID, CONID) VALUES (23,50);
INSERT INTO MEDCON (MEDID, CONID) VALUES (24,18);
INSERT INTO MEDCON (MEDID, CONID) VALUES (24,55);
INSERT INTO MEDCON (MEDID, CONID) VALUES (25,6);
INSERT INTO MEDCON (MEDID, CONID) VALUES (26,45);
INSERT INTO MEDCON (MEDID, CONID) VALUES (27,12);
INSERT INTO MEDCON (MEDID, CONID) VALUES (27,34);
INSERT INTO MEDCON (MEDID, CONID) VALUES (28,37);
INSERT INTO MEDCON (MEDID, CONID) VALUES (29,37);
INSERT INTO MEDCON (MEDID, CONID) VALUES (30,50);
INSERT INTO MEDCON (MEDID, CONID) VALUES (31,37);
INSERT INTO MEDCON (MEDID, CONID) VALUES (32,3);
INSERT INTO MEDCON (MEDID, CONID) VALUES (33,37);
INSERT INTO MEDCON (MEDID, CONID) VALUES (34,6);
INSERT INTO MEDCON (MEDID, CONID) VALUES (34,18);
INSERT INTO MEDCON (MEDID, CONID) VALUES (35,37);
INSERT INTO MEDCON (MEDID, CONID) VALUES (36,37);
INSERT INTO MEDCON (MEDID, CONID) VALUES (37,20);
INSERT INTO MEDCON (MEDID, CONID) VALUES (37,52);
INSERT INTO MEDCON (MEDID, CONID) VALUES (38,6);
INSERT INTO MEDCON (MEDID, CONID) VALUES (39,34);
INSERT INTO MEDCON (MEDID, CONID) VALUES (40,56);
INSERT INTO MEDCON (MEDID, CONID) VALUES (41,50);
INSERT INTO MEDCON (MEDID, CONID) VALUES (42,45);
INSERT INTO MEDCON (MEDID, CONID) VALUES (43,56);
INSERT INTO MEDCON (MEDID, CONID) VALUES (44,18);
INSERT INTO MEDCON (MEDID, CONID) VALUES (45,27);
INSERT INTO MEDCON (MEDID, CONID) VALUES (46,2);
INSERT INTO MEDCON (MEDID, CONID) VALUES (47,6);
INSERT INTO MEDCON (MEDID, CONID) VALUES (47,45);
INSERT INTO MEDCON (MEDID, CONID) VALUES (48,7);
INSERT INTO MEDCON (MEDID, CONID) VALUES (48,50);
INSERT INTO MEDCON (MEDID, CONID) VALUES (49,36);
INSERT INTO MEDCON (MEDID, CONID) VALUES (50,12);
INSERT INTO MEDCON (MEDID, CONID) VALUES (50,34);
INSERT INTO MEDCON (MEDID, CONID) VALUES (51,34);
INSERT INTO MEDCON (MEDID, CONID) VALUES (52,44);
INSERT INTO MEDCON (MEDID, CONID) VALUES (52,54);
INSERT INTO MEDCON (MEDID, CONID) VALUES (53,17);
INSERT INTO MEDCON (MEDID, CONID) VALUES (54,22);
INSERT INTO MEDCON (MEDID, CONID) VALUES (54,58);
INSERT INTO MEDCON (MEDID, CONID) VALUES (55,18);
INSERT INTO MEDCON (MEDID, CONID) VALUES (55,25);
INSERT INTO MEDCON (MEDID, CONID) VALUES (56,22);
INSERT INTO MEDCON (MEDID, CONID) VALUES (56,58);
INSERT INTO MEDCON (MEDID, CONID) VALUES (57,34);
INSERT INTO MEDCON (MEDID, CONID) VALUES (58,56);
INSERT INTO MEDCON (MEDID, CONID) VALUES (59,6);
INSERT INTO MEDCON (MEDID, CONID) VALUES (59,18);
INSERT INTO MEDCON (MEDID, CONID) VALUES (60,27);
INSERT INTO MEDCON (MEDID, CONID) VALUES (61,43);
INSERT INTO MEDCON (MEDID, CONID) VALUES (62,43);
INSERT INTO MEDCON (MEDID, CONID) VALUES (63,40);
INSERT INTO MEDCON (MEDID, CONID) VALUES (64,7);
INSERT INTO MEDCON (MEDID, CONID) VALUES (65,33);
INSERT INTO MEDCON (MEDID, CONID) VALUES (66,33);
INSERT INTO MEDCON (MEDID, CONID) VALUES (67,27);
INSERT INTO MEDCON (MEDID, CONID) VALUES (67,31);
INSERT INTO MEDCON (MEDID, CONID) VALUES (68,29);
INSERT INTO MEDCON (MEDID, CONID) VALUES (69,33);
INSERT INTO MEDCON (MEDID, CONID) VALUES (70,50);
INSERT INTO MEDCON (MEDID, CONID) VALUES (71,22);
INSERT INTO MEDCON (MEDID, CONID) VALUES (71,58);
INSERT INTO MEDCON (MEDID, CONID) VALUES (72,37);
INSERT INTO MEDCON (MEDID, CONID) VALUES (73,6);
INSERT INTO MEDCON (MEDID, CONID) VALUES (73,18);
INSERT INTO MEDCON (MEDID, CONID) VALUES (74,3);
INSERT INTO MEDCON (MEDID, CONID) VALUES (74,8);
INSERT INTO MEDCON (MEDID, CONID) VALUES (75,8);
INSERT INTO MEDCON (MEDID, CONID) VALUES (75,14);
INSERT INTO MEDCON (MEDID, CONID) VALUES (76,4);
INSERT INTO MEDCON (MEDID, CONID) VALUES (77,12);
INSERT INTO MEDCON (MEDID, CONID) VALUES (77,21);
INSERT INTO MEDCON (MEDID, CONID) VALUES (77,34);
INSERT INTO MEDCON (MEDID, CONID) VALUES (78,54);
INSERT INTO MEDCON (MEDID, CONID) VALUES (79,33);
INSERT INTO MEDCON (MEDID, CONID) VALUES (80,19);
INSERT INTO MEDCON (MEDID, CONID) VALUES (81,19);
INSERT INTO MEDCON (MEDID, CONID) VALUES (82,19);
INSERT INTO MEDCON (MEDID, CONID) VALUES (83,15);
INSERT INTO MEDCON (MEDID, CONID) VALUES (84,34);
INSERT INTO MEDCON (MEDID, CONID) VALUES (85,21);
INSERT INTO MEDCON (MEDID, CONID) VALUES (85,34);
INSERT INTO MEDCON (MEDID, CONID) VALUES (86,50);
INSERT INTO MEDCON (MEDID, CONID) VALUES (87,7);
INSERT INTO MEDCON (MEDID, CONID) VALUES (87,24);
INSERT INTO MEDCON (MEDID, CONID) VALUES (87,50);
INSERT INTO MEDCON (MEDID, CONID) VALUES (88,19);
INSERT INTO MEDCON (MEDID, CONID) VALUES (89,19);
INSERT INTO MEDCON (MEDID, CONID) VALUES (90,19);
INSERT INTO MEDCON (MEDID, CONID) VALUES (91,19);
INSERT INTO MEDCON (MEDID, CONID) VALUES (92,34);
INSERT INTO MEDCON (MEDID, CONID) VALUES (93,37);
INSERT INTO MEDCON (MEDID, CONID) VALUES (94,10);
INSERT INTO MEDCON (MEDID, CONID) VALUES (94,54);
INSERT INTO MEDCON (MEDID, CONID) VALUES (95,27);
INSERT INTO MEDCON (MEDID, CONID) VALUES (96,28);
INSERT INTO MEDCON (MEDID, CONID) VALUES (97,8);
INSERT INTO MEDCON (MEDID, CONID) VALUES (98,54);
INSERT INTO MEDCON (MEDID, CONID) VALUES (99,37);
INSERT INTO MEDCON (MEDID, CONID) VALUES (100,35);
INSERT INTO MEDCON (MEDID, CONID) VALUES (101,19);
INSERT INTO MEDCON (MEDID, CONID) VALUES (102,2);
INSERT INTO MEDCON (MEDID, CONID) VALUES (103,34);
INSERT INTO MEDCON (MEDID, CONID) VALUES (104,34);
INSERT INTO MEDCON (MEDID, CONID) VALUES (105,3);
INSERT INTO MEDCON (MEDID, CONID) VALUES (106,6);
INSERT INTO MEDCON (MEDID, CONID) VALUES (106,54);
INSERT INTO MEDCON (MEDID, CONID) VALUES (107,34);
INSERT INTO MEDCON (MEDID, CONID) VALUES (108,34);
INSERT INTO MEDCON (MEDID, CONID) VALUES (109,33);
INSERT INTO MEDCON (MEDID, CONID) VALUES (110,53);
INSERT INTO MEDCON (MEDID, CONID) VALUES (111,47);
INSERT INTO MEDCON (MEDID, CONID) VALUES (112,7);
INSERT INTO MEDCON (MEDID, CONID) VALUES (113,17);
INSERT INTO MEDCON (MEDID, CONID) VALUES (114,19);
INSERT INTO MEDCON (MEDID, CONID) VALUES (115,1);
INSERT INTO MEDCON (MEDID, CONID) VALUES (116,45);
INSERT INTO MEDCON (MEDID, CONID) VALUES (117,7);
INSERT INTO MEDCON (MEDID, CONID) VALUES (117,11);
INSERT INTO MEDCON (MEDID, CONID) VALUES (118,2);
INSERT INTO MEDCON (MEDID, CONID) VALUES (118,46);
INSERT INTO MEDCON (MEDID, CONID) VALUES (119,11);
INSERT INTO MEDCON (MEDID, CONID) VALUES (119,38);
INSERT INTO MEDCON (MEDID, CONID) VALUES (120,27);
INSERT INTO MEDCON (MEDID, CONID) VALUES (121,5);
INSERT INTO MEDCON (MEDID, CONID) VALUES (121,34);
INSERT INTO MEDCON (MEDID, CONID) VALUES (122,37);
INSERT INTO MEDCON (MEDID, CONID) VALUES (123,37);
INSERT INTO MEDCON (MEDID, CONID) VALUES (124,18);
INSERT INTO MEDCON (MEDID, CONID) VALUES (125,3);
INSERT INTO MEDCON (MEDID, CONID) VALUES (125,8);
INSERT INTO MEDCON (MEDID, CONID) VALUES (126,3);
INSERT INTO MEDCON (MEDID, CONID) VALUES (126,8);
INSERT INTO MEDCON (MEDID, CONID) VALUES (127,37);
INSERT INTO MEDCON (MEDID, CONID) VALUES (128,7);
INSERT INTO MEDCON (MEDID, CONID) VALUES (128,50);
INSERT INTO MEDCON (MEDID, CONID) VALUES (129,24);
INSERT INTO MEDCON (MEDID, CONID) VALUES (129,50);
INSERT INTO MEDCON (MEDID, CONID) VALUES (130,34);
INSERT INTO MEDCON (MEDID, CONID) VALUES (131,5);
INSERT INTO MEDCON (MEDID, CONID) VALUES (131,34);
INSERT INTO MEDCON (MEDID, CONID) VALUES (132,37);
INSERT INTO MEDCON (MEDID, CONID) VALUES (133,5);
INSERT INTO MEDCON (MEDID, CONID) VALUES (133,30);
INSERT INTO MEDCON (MEDID, CONID) VALUES (134,18);
INSERT INTO MEDCON (MEDID, CONID) VALUES (135,37);
INSERT INTO MEDCON (MEDID, CONID) VALUES (136,10);
INSERT INTO MEDCON (MEDID, CONID) VALUES (136,53);
INSERT INTO MEDCON (MEDID, CONID) VALUES (137,3);
INSERT INTO MEDCON (MEDID, CONID) VALUES (138,27);
INSERT INTO MEDCON (MEDID, CONID) VALUES (139,47);
INSERT INTO MEDCON (MEDID, CONID) VALUES (140,39);
INSERT INTO MEDCON (MEDID, CONID) VALUES (141,26);
INSERT INTO MEDCON (MEDID, CONID) VALUES (142,50);
INSERT INTO MEDCON (MEDID, CONID) VALUES (143,50);
INSERT INTO MEDCON (MEDID, CONID) VALUES (144,27);
INSERT INTO MEDCON (MEDID, CONID) VALUES (145,6);
INSERT INTO MEDCON (MEDID, CONID) VALUES (145,18);
INSERT INTO MEDCON (MEDID, CONID) VALUES (146,37);
INSERT INTO MEDCON (MEDID, CONID) VALUES (147,59);
INSERT INTO MEDCON (MEDID, CONID) VALUES (148,48);
INSERT INTO MEDCON (MEDID, CONID) VALUES (149,54);
INSERT INTO MEDCON (MEDID, CONID) VALUES (150,19);
INSERT INTO MEDCON (MEDID, CONID) VALUES (151,41);
INSERT INTO MEDCON (MEDID, CONID) VALUES (152,33);
INSERT INTO MEDCON (MEDID, CONID) VALUES (153,38);
INSERT INTO MEDCON (MEDID, CONID) VALUES (154,38);
INSERT INTO MEDCON (MEDID, CONID) VALUES (155,25);
INSERT INTO MEDCON (MEDID, CONID) VALUES (156,3);
INSERT INTO MEDCON (MEDID, CONID) VALUES (157,34);
INSERT INTO MEDCON (MEDID, CONID) VALUES (158,10);
INSERT INTO MEDCON (MEDID, CONID) VALUES (158,18);
INSERT INTO MEDCON (MEDID, CONID) VALUES (158,53);
INSERT INTO MEDCON (MEDID, CONID) VALUES (159,34);
INSERT INTO MEDCON (MEDID, CONID) VALUES (160,27);
INSERT INTO MEDCON (MEDID, CONID) VALUES (161,49);
INSERT INTO MEDCON (MEDID, CONID) VALUES (162,34);
INSERT INTO MEDCON (MEDID, CONID) VALUES (163,27);
INSERT INTO MEDCON (MEDID, CONID) VALUES (163,31);
INSERT INTO MEDCON (MEDID, CONID) VALUES (164,49);
INSERT INTO MEDCON (MEDID, CONID) VALUES (165,9);
INSERT INTO MEDCON (MEDID, CONID) VALUES (165,10);
INSERT INTO MEDCON (MEDID, CONID) VALUES (165,53);
INSERT INTO MEDCON (MEDID, CONID) VALUES (166,56);
INSERT INTO MEDCON (MEDID, CONID) VALUES (167,17);
INSERT INTO MEDCON (MEDID, CONID) VALUES (168,51);
INSERT INTO MEDCON (MEDID, CONID) VALUES (169,33);
INSERT INTO MEDCON (MEDID, CONID) VALUES (170,19);
INSERT INTO MEDCON (MEDID, CONID) VALUES (171,6);
INSERT INTO MEDCON (MEDID, CONID) VALUES (171,18);
INSERT INTO MEDCON (MEDID, CONID) VALUES (172,23);
INSERT INTO MEDCON (MEDID, CONID) VALUES (173,33);
INSERT INTO MEDCON (MEDID, CONID) VALUES (174,19);
INSERT INTO MEDCON (MEDID, CONID) VALUES (175,26);
INSERT INTO MEDCON (MEDID, CONID) VALUES (176,21);
INSERT INTO MEDCON (MEDID, CONID) VALUES (176,34);
INSERT INTO MEDCON (MEDID, CONID) VALUES (177,44);
INSERT INTO MEDCON (MEDID, CONID) VALUES (178,23);
INSERT INTO MEDCON (MEDID, CONID) VALUES (179,22);
INSERT INTO MEDCON (MEDID, CONID) VALUES (179,58);
INSERT INTO MEDCON (MEDID, CONID) VALUES (180,40);
INSERT INTO MEDCON (MEDID, CONID) VALUES (181,22);
INSERT INTO MEDCON (MEDID, CONID) VALUES (181,58);
INSERT INTO MEDCON (MEDID, CONID) VALUES (182,42);
INSERT INTO MEDCON (MEDID, CONID) VALUES (183,56);
INSERT INTO MEDCON (MEDID, CONID) VALUES (184,14);
INSERT INTO MEDCON (MEDID, CONID) VALUES (185,45);
INSERT INTO MEDCON (MEDID, CONID) VALUES (186,26);
INSERT INTO MEDCON (MEDID, CONID) VALUES (187,44);
INSERT INTO MEDCON (MEDID, CONID) VALUES (187,54);
INSERT INTO MEDCON (MEDID, CONID) VALUES (188,50);
INSERT INTO MEDCON (MEDID, CONID) VALUES (189,28);
INSERT INTO MEDCON (MEDID, CONID) VALUES (190,18);
INSERT INTO MEDCON (MEDID, CONID) VALUES (191,38);
INSERT INTO MEDCON (MEDID, CONID) VALUES (192,21);
INSERT INTO MEDCON (MEDID, CONID) VALUES (192,34);
INSERT INTO MEDCON (MEDID, CONID) VALUES (193,13);
INSERT INTO MEDCON (MEDID, CONID) VALUES (193,32);
INSERT INTO MEDCON (MEDID, CONID) VALUES (194,34);
INSERT INTO MEDCON (MEDID, CONID) VALUES (195,23);
INSERT INTO MEDCON (MEDID, CONID) VALUES (196,18);
INSERT INTO MEDCON (MEDID, CONID) VALUES (196,25);
INSERT INTO MEDCON (MEDID, CONID) VALUES (197,5);
INSERT INTO MEDCON (MEDID, CONID) VALUES (197,34);
INSERT INTO MEDCON (MEDID, CONID) VALUES (198,49);
INSERT INTO MEDCON (MEDID, CONID) VALUES (199,56);
INSERT INTO MEDCON (MEDID, CONID) VALUES (200,40);
